5139713605439,-0.06344634,0.272939,9.66659
5139719059814,-0.05865794,0.2645593,9.659407
5139723407147,-0.07062895,0.24540567,9.624691
5139729185647,-0.08499416,0.23702596,9.645041
5139733982855,-0.02873042,0.22505496,9.688137
5139738928022,-0.039504327,0.21667525,9.659407
5139743564022,-0.038307227,0.20590134,9.645041
5139749083314,-0.011971008,0.22266077,9.680955
5139753537939,-0.010773907,0.21906945,9.659407
5139759117855,0.0047884034,0.22385786,9.617508
5139763972855,0.010773907,0.22026655,9.605537
5139769354564,-0.0023942017,0.20350714,9.668983
5139774242564,0.01316811,0.21667525,9.636662
5139779363230,0.010773907,0.22385786,9.642648
5139783781480,0.020350715,0.21428105,9.673772
5139789422897,0.033518825,0.22266077,9.64983
5139794369564,0.033518825,0.23463176,9.64983
5139799662480,0.025139118,0.24420857,9.636662
5139803970855,0.039504327,0.25977087,9.651027
5139809413314,0.04189853,0.2645593,9.654618
5139813834439,0.027533319,0.2885013,9.616311
5139819581689,0.0,0.29927522,9.654618
5139824003647,0.0,0.29927522,9.654618
5139829367689,-0.015562311,0.29688102,9.657013
5139834379689,-0.015562311,0.29688102,9.657013
5139839441022,-0.011971008,0.3196259,9.659407
5139844119189,-0.011971008,0.3196259,9.659407
5139849952564,-0.031124622,0.30885202,9.668983
5139854626022,-0.031124622,0.30885202,9.668983
5139860080855,-0.02633622,0.30645782,9.645041
5139864012897,-0.02633622,0.30645782,9.645041
5139869989022,-0.02633622,0.2777274,9.654618
5139873756814,-0.02633622,0.2777274,9.654618
5139879481480,-0.049081136,0.25498247,9.623494
5139883724189,-0.049081136,0.25498247,9.623494
5139889394772,-0.031124622,0.23702596,9.660604
5139894172397,-0.031124622,0.23702596,9.660604
5139899713105,-0.039504327,0.21906945,9.661801
5139903951522,-0.047884032,0.21787235,9.643845
5139909541439,-0.06823475,0.20590134,9.639056
5139914521980,-0.08140286,0.20350714,9.655815
5139919970647,-0.06584055,0.18195933,9.654618
5139923978522,-0.08619126,0.19871874,9.637859
5139929987439,-0.07182605,0.18914193,9.651027
5139933896605,-0.06464344,0.19033903,9.651027
5139940054522,-0.08738836,0.18674773,9.65821
5139944231689,-0.05626374,0.18914193,9.665392
5139949911272,-0.050278235,0.20829555,9.636662
5139954361147,-0.037110128,0.22266077,9.661801
5139959958772,-0.037110128,0.20350714,9.648633
5139964000605,-0.029927522,0.20470424,9.634268
5139969823605,-0.037110128,0.20949265,9.625888
5139974518980,-0.020350715,0.21667525,9.643845
5139980063814,-0.011971008,0.23582886,9.646238
5139983705939,0.011971008,0.23223756,9.624691
5139989833272,0.029927522,0.2717419,9.635465
5139993362064,0.039504327,0.25258827,9.624691
5139998362064,0.04309563,0.2669535,9.630676
5139999920064,0.04309563,0.2669535,9.630676
5140003546855,0.039504327,0.2705448,9.657013
5140009895147,0.038307227,0.29328972,9.655815
5140014353772,0.033518825,0.30166942,9.661801
5140020113689,0.031124622,0.30645782,9.629479
5140023539689,0.039504327,0.29927522,9.662998
5140030039272,0.044292733,0.2861071,9.655815
5140033990439,0.033518825,0.29927522,9.667787
5140039997480,0.03232172,0.2873042,9.652225
5140043827439,0.027533319,0.2681506,9.659407
5140050015980,0.0011971008,0.2873042,9.652225
5140053717147,-0.009576807,0.30645782,9.67018
5140059778522,-0.020350715,0.31004912,9.673772
5140063580064,-0.01316811,0.30166942,9.657013
5140069921064,-0.008379706,0.30047232,9.648633
5140074209564,-0.035913024,0.2908955,9.657013
5140080056939,-0.023942016,0.2837129,9.636662
5140083843855,-0.049081136,0.2717419,9.64983
5140089918772,-0.05626374,0.25378537,9.65821
5140094316772,-0.07182605,0.25617957,9.655815
5140099855980,-0.062249243,0.25258827,9.640253
5140103958480,-0.074220255,0.22864626,9.646238
5140109871105,-0.050278235,0.21547815,9.648633
5140113887064,-0.045489833,0.19153613,9.643845
5140120057397,-0.04189853,0.19991584,9.668983
5140124074355,-0.049081136,0.19393034,9.64145
5140130018564,-0.031124622,0.18195933,9.64983
5140133879189,-0.062249243,0.17357962,9.633071
5140139832939,-0.055066638,0.1592144,9.645041
5140143816939,-0.038307227,0.15203181,9.646238
5140149797355,-0.04309563,0.17956513,9.630676
5140154297147,-0.059855044,0.17717093,9.629479
5140159657855,-0.046686932,0.19991584,9.645041
5140163970939,-0.047884032,0.20470424,9.617508
5140169547647,-0.039504327,0.21308395,9.643845
5140173794272,-0.055066638,0.22146365,9.624691
5140179430105,-0.029927522,0.23343466,9.64983
5140184183897,-0.022744916,0.21906945,9.64983
5140189719147,-0.0035913025,0.24420857,9.637859
5140194289064,-0.02633622,0.22984336,9.661801
5140199439980,-0.023942016,0.2621651,9.653421
5140204594730,-0.017956512,0.2633622,9.661801
5140210174980,-0.019153614,0.2837129,9.679757
5140216266855,-0.01436521,0.2777274,9.653421
5140220805564,0.0047884034,0.2777274,9.646238
5140225345397,0.01316811,0.2753332,9.634268
5140230403064,0.020350715,0.2908955,9.637859
5140234292147,0.011971008,0.29568392,9.659407
5140239292147,0.021547815,0.30286652,9.657013
5140241664855,0.021547815,0.30286652,9.657013
5140245839355,0.015562311,0.30406362,9.643845
5140250322689,0.04309563,0.2885013,9.631873
5140255667439,0.017956512,0.29688102,9.673772
5140261639230,0.039504327,0.30645782,9.616311
5140265379855,0.035913024,0.29568392,9.593566
5140271363522,0.027533319,0.2825158,9.630676
5140275763980,0.04309563,0.2896984,9.629479
5140281670605,0.031124622,0.30406362,9.652225
5140285226564,0.04070143,0.2837129,9.625888
5140290580689,0.03232172,0.2813187,9.655815
5140295475689,0.017956512,0.2621651,9.646238
5140300475689,0.025139118,0.24660277,9.628283
5140303128939,0.025139118,0.24660277,9.628283
5140305993564,0.0047884034,0.25258827,9.613917
5140311146397,-0.016759412,0.25617957,9.599552
5140315764439,-0.034715924,0.25617957,9.619903
5140320764439,-0.049081136,0.22625206,9.637859
5140323805105,-0.049081136,0.22625206,9.637859
5140330283897,-0.055066638,0.22505496,9.646238
5140332517189,-0.055066638,0.22505496,9.646238
5140337283897,-0.08259996,0.23104046,9.66659
5140343197439,-0.088585466,0.21906945,9.651027
5140347115605,-0.093373865,0.19393034,9.662998
5140352660855,-0.11252748,0.20350714,9.660604
5140356686356,-0.12569559,0.17717093,9.67018
5140361686356,-0.12090719,0.21188685,9.659407
5140363388189,-0.12090719,0.21188685,9.659407
5140366769897,-0.142455,0.22026655,9.629479
5140372604564,-0.130484,0.21667525,9.615114
5140377191731,-0.11492168,0.20470424,9.645041
5140382191731,-0.11971009,0.22744916,9.661801
5140383878772,-0.11971009,0.22744916,9.661801
5140391597356,-0.10414778,0.21787235,9.642648
5140396088772,-0.08140286,0.22744916,9.616311
5140401078689,-0.08379706,0.24660277,9.615114
5140405481772,-0.074220255,0.24660277,9.673772
5140411348897,-0.062249243,0.25977087,9.67018
5140415265606,-0.049081136,0.2681506,9.654618
5140421438856,-0.020350715,0.2705448,9.660604
5140426475731,-0.020350715,0.2705448,9.660604
5140430876856,-0.038307227,0.29448682,9.628283
5140436121814,-0.038307227,0.29448682,9.628283
5140441223981,-0.04309563,0.3172317,9.639056
5140445469272,-0.04309563,0.3172317,9.639056
5140450469272,-0.007182605,0.34715924,9.623494
5140452342397,-0.007182605,0.34715924,9.623494
5140457086731,-0.007182605,0.34715924,9.623494
5140461407606,-0.0011971008,0.3878607,9.615114
5140465366022,-0.0011971008,0.3878607,9.615114
5140471433606,0.023942016,1.0666169,9.657013
5140476237647,0.023942016,1.0666169,9.657013
5140481237647,0.6679823,4.5860934,9.579201
5140483862731,0.6679823,4.5860934,9.579201
5140490835856,0.2693477,4.722563,9.579201
5140492697022,0.2693477,4.722563,9.579201
5140496941606,0.2693477,4.722563,9.579201
5140503160564,-0.20231004,4.5034933,9.5732155
5140506144731,-0.36152446,4.39336,9.564836
5140511028231,-0.49200845,4.35625,9.673772
5140517312106,-0.52073884,4.370615,9.619903
5140521971689,-0.45848963,4.298789,9.617508
5140526626439,-0.39264908,4.3035774,9.619903
5140531782314,-0.23223756,4.2102036,9.593566
5140536421647,-0.08259996,3.8031895,9.616311
5140541421647,-0.049081136,2.8933928,9.552865
5140543354731,-0.049081136,2.8933928,9.552865
5140551097731,-0.25857377,0.6811504,10.06283
5140556097731,0.4189853,-0.6584055,3.7181952
5140558020272,0.4189853,-0.6584055,3.7181952
5140563537856,0.45848963,0.38187516,9.818622
5140569872272,0.38307226,0.5758055,10.157401
5140571436522,0.38307226,0.5758055,10.157401
5140576771397,0.14604631,0.45968673,10.166978
5140582498897,-0.25378537,0.18794483,10.362105
5140585904814,-0.51475334,0.11252748,10.097546
5140591098981,-0.8846575,0.19033903,9.65821
5140597288981,-0.5554548,0.25378537,9.229648
5140602288981,-0.51954174,0.24540567,9.488221
5140604366856,-0.51954174,0.24540567,9.488221
5140611505772,-0.3842694,0.60094464,9.454702
5140617281731,-0.5650316,0.7218518,10.056845
5140623360314,-0.5686229,0.7769185,10.730812
5140630063564,0.022744916,0.8295909,9.67856
5140635586022,0.2861071,0.70509243,10.160992
5140639850397,0.36990416,0.6727707,10.223241
5140645019647,0.44771573,0.82240826,9.956287
5140650873772,0.50038815,1.0594343,9.103952
5140654556647,0.545878,1.091756,9.101558
5140659923439,0.45848963,1.0366893,9.143456
5140664923439,0.20949265,1.0283096,9.357738
5140666813064,0.20949265,1.0283096,9.357738
5140671533856,0.027533319,0.7410054,9.056067
5140676957314,-0.20350714,0.5590461,9.38168
5140681552356,-0.30526072,0.50038815,8.919599
5140685870564,-0.2777274,0.5770026,9.099164
5140691228189,-0.1316811,1.1085154,9.737218
5140696940272,0.021547815,1.283292,9.683349
5140701940272,0.20470424,1.2497733,9.807847
5140703511147,0.20470424,1.2497733,9.807847
5140711372522,0.25857377,0.93254155,10.068815
5140716263897,0.3172317,1.0570401,9.7958765
5140722279439,0.23822308,0.9624691,9.767146
5140726836064,0.32441434,0.9888053,9.885659
5140732780231,0.29688102,0.9504981,9.813833
5140736530897,0.1328782,0.91937345,10.709264
5140741530897,-0.108936176,1.30484,9.929952
5140744786106,-0.108936176,1.30484,9.929952
5140747314272,-0.49440265,1.033098,9.384073
5140753373397,-0.6739678,1.0043676,10.510546
5140756950772,-0.20949265,1.4149733,9.600749
5140761975106,-0.0035913025,1.163582,9.654618
5140765196939,-0.17717093,1.1623849,9.284714
5140771176772,-0.2633622,1.0845734,9.759963
5140776159981,-0.20111294,0.89782566,9.4774475
5140782155022,-0.11492168,0.60453594,9.592369
5140786278897,0.20350714,0.44771573,9.368511
5140792302564,0.3878607,0.44532153,9.4774475
5140797067814,0.51834464,0.5327099,9.643845
5140802247022,0.62009823,0.8511387,9.65821
5140806844897,0.521936,0.8355764,9.88925
5140811339356,0.30526072,0.8499416,9.706094
5140817356397,-0.011971008,0.79487497,9.96347
5140823742856,-0.12689269,0.9588778,9.247604
5140826907606,-0.010773907,0.8439561,9.218874
5140831067064,-0.044292733,0.664391,9.466674
5140837160606,-0.020350715,0.49081135,9.981427
5140841925856,0.34715924,0.6811504,9.949105
5140846799939,0.51235914,1.0354922,10.210073
5140852365856,0.4321534,1.0055647,10.006566
5140857583064,0.6368576,0.9636662,9.862914
5140861918522,0.5243302,0.7685388,8.933964
5140866033689,0.25378537,0.32680854,9.075222
5140871729606,0.061052144,0.108936176,9.25359
5140876927106,-0.04309563,0.2777274,8.407239
5140881712439,-0.10055647,0.30765492,9.2907
5140884989272,-0.31603462,-0.47764325,8.692149
5140889989272,-0.7745243,-0.94930094,11.186908
5140891638897,-0.7745243,-0.94930094,11.186908
5140896378731,-0.28491,0.06823475,9.28232
5140901378731,-0.16280572,0.44651863,9.627085
5140904036772,-0.16280572,0.44651863,9.627085
5140911326772,-0.30406362,0.878672,9.961076
5140916322689,-0.46806642,0.58538234,9.284714
5140921322689,-0.5386954,0.16400282,9.578004
5140923983439,-0.5386954,0.16400282,9.578004
5140926949689,-0.25378537,0.25378537,9.168595
5140933344314,0.15203181,0.36511576,8.300697
5140937125522,0.30406362,0.12928689,10.170568
5140942125522,0.7158663,0.10055647,10.207679
5140944032564,0.7158663,0.10055647,10.207679
5140947015939,0.8439561,0.30047232,9.489418
5140952183106,0.4405331,0.23582886,10.31063
5140955804022,0.047884032,0.2825158,9.96347
5140962153689,-0.50038815,0.22505496,10.366894
5140965170522,-0.4237737,0.34117374,9.016563
5140971461897,-0.8559271,0.045489833,10.097546
5140976476106,-0.79367787,0.21428105,9.674969
5140981953272,-0.6691794,0.03232172,9.615114
5140985826689,-0.3842694,0.055066638,9.242816
5140990913314,-0.31124622,0.0011971008,8.930372
5140996699939,-0.4405331,-0.2777274,9.610326
5141002912189,-0.2753332,-0.044292733,9.799467
5141006771689,-0.2753332,-0.044292733,9.799467
5141011748856,-0.022744916,0.2717419,10.105926
5141017377356,-0.022744916,0.2717419,10.105926
5141023510314,0.18555063,0.110133275,10.04607
5141032342106,0.48003745,-0.15682021,9.576807
5141036313106,0.48003745,-0.15682021,9.576807
5141041966981,-0.090979666,0.049081136,10.065224
5141045521439,-0.090979666,0.049081136,10.065224
5141050521439,0.049081136,0.24540567,7.827842
5141052759272,0.049081136,0.24540567,7.827842
5141057597148,0.049081136,0.24540567,7.827842
5141062592648,0.20470424,0.33399114,9.028535
5141066817648,0.20470424,0.33399114,9.028535
5141071345939,0.7649474,1.2449849,4.167108
5141075549523,0.7649474,1.2449849,4.167108
5141081049148,0.24061728,0.60214174,9.202114
5141085683023,0.24061728,0.60214174,9.202114
5141091178689,-0.21667525,-0.51235914,10.047267
5141097386064,-0.12569559,-0.9552865,11.055226
5141101129523,-0.049081136,-0.58298814,9.5013895
5141105726898,0.15322891,-0.37828386,9.829395
5141111127356,0.47644615,-0.073023155,8.750807
5141116751439,0.49320555,0.08619126,8.88608
5141122368273,0.34117374,-0.1340753,10.286688
5141126862689,0.04070143,-0.35194764,10.688913
5141131229731,-0.06823475,-0.094570965,8.356961
5141136434314,-0.090979666,-0.24899697,9.260772
5141141434314,0.1436521,-0.23463176,9.411607
5141143606481,0.1436521,-0.23463176,9.411607
5141151032189,0.46088383,-0.18555063,8.645462
5141152606814,0.46088383,-0.18555063,8.645462
5141157103648,0.23343466,-0.6380547,9.932345
5141162103648,0.24420857,-0.4381389,9.973047
5141163757273,0.24420857,-0.4381389,9.973047
5141170837773,0.049081136,-0.08140286,7.6267295
5141175837773,0.18674773,-0.31364042,9.386468
5141179559981,0.18674773,-0.31364042,9.386468
5141183659648,0.2741361,-0.60453594,10.168175
5141191925939,0.21787235,-0.11731588,9.358934
5141196106773,0.11492168,0.055066638,8.553286
5141202036439,0.15682021,-0.25977087,9.613917
5141206529481,0.21547815,-0.3196259,11.124659
5141211097689,0.4165911,-0.18315643,9.974244
5141217081648,0.37229836,-0.18914193,8.972271
5141222567814,0.19632454,-0.21428105,8.835801
5141226736273,-0.025139118,-0.2645593,8.552089
5141231727273,-0.30047232,-0.31004912,8.895657
5141237183981,-0.30765492,-0.4213795,8.682572
5141243154023,-0.45010993,-0.6715736,9.406818
5141246358648,-0.58657944,-0.8499416,10.077195
5141252160606,-0.50397944,-0.92057055,10.679337
5141257491148,-0.31004912,-0.7745243,9.709685
5141261472731,-0.075417355,-0.19512744,9.7803135
5141266772481,0.17597382,0.19033903,9.743204
5141271148689,0.1448492,0.2717419,9.939528
5141277234106,0.16639702,0.110133275,9.706094
5141282234106,0.11731588,-0.019153614,9.454702
5141283764648,0.11731588,-0.019153614,9.454702
5141287874898,-0.1340753,-0.29448682,10.346542
5141293512023,-0.12090719,-0.34596214,9.968259
5141296751856,-0.17836803,-0.4237737,9.805453
5141303157189,-0.017956512,-0.35314476,10.019734
5141305917481,0.24540567,-0.21068975,9.9550905
5141311088439,0.37469256,-0.059855044,9.709685
5141316615273,0.7505822,-0.025139118,9.738416
5141321458273,0.6871359,0.092176765,9.229648
5141326094189,0.7015011,-0.0011971008,9.478644
5141331094189,0.31244332,-0.10414778,9.425972
5141332684773,0.31244332,-0.10414778,9.425972
5141336402064,-0.007182605,-0.23343466,9.455899
5141341402064,-0.14724341,-0.25139117,10.389638
5141343919189,-0.14724341,-0.25139117,10.389638
5141346508273,-0.19512744,-0.19632454,9.80665
5141352799731,-0.20231004,-0.17118542,9.272743
5141357111523,-0.15682021,-0.33039984,9.818622
5141362111523,-0.089782566,-0.09696517,8.991425
5141363950398,-0.089782566,-0.09696517,8.991425
5141366950523,-0.11851298,-0.12330139,9.782708
5141372506689,0.15562311,-0.08259996,8.969876
5141377083023,0.029927522,-0.35434186,10.010158
5141381553564,0.37708676,-0.30406362,9.674969
5141385928064,0.415394,-0.23702596,9.821015
5141391225148,0.5291186,-0.15203181,9.150639
5141396034023,0.36272156,-0.2885013,10.498574
5141401034023,0.260968,0.2896984,9.321824
5141403406023,0.260968,0.2896984,9.321824
5141411672731,-0.17956513,0.29328972,8.826224
5141417551189,-0.23582886,-0.005985504,9.330204
5141423722106,-0.045489833,-0.36511576,8.821436
5141427110023,0.11372458,-0.5590461,9.5385
5141432887856,0.36032736,-0.4309563,9.475053
5141438293564,0.49679685,-0.090979666,9.667787
5141444052231,0.34955344,0.061052144,9.406818
5141446843981,0.30286652,-0.02633622,9.57561
5141452245231,0.17238252,-0.19991584,9.774328
5141456554314,-0.023942016,-0.107739076,9.526528
5141461554314,-0.21547815,-0.25258827,9.876082
5141463459481,-0.21547815,-0.25258827,9.876082
5141471130689,-0.4177882,-0.17717093,9.7479925
5141476581689,-0.35553896,-0.21308395,9.23683
5141482502773,-0.59735334,-0.21308395,9.613917
5141486492814,-1.1240777,0.4297592,10.087969
5141490914314,-1.1623849,0.34237084,9.986216
5141495567939,-0.89662856,-0.16998832,9.870096
5141500567939,-0.5291186,-0.49440265,9.611523
5141502708314,-0.5291186,-0.49440265,9.611523
5141505611564,-0.23223756,-0.59256494,9.82341
5141510899148,0.16519992,-0.25378537,9.303867
5141516056064,0.39145198,-0.2861071,9.903615
5141521040148,0.48482585,-0.007182605,9.931149
5141526135814,0.49440265,0.260968,9.508572
5141531657356,0.30286652,-0.23343466,9.785102
5141536687564,0.40222588,-0.30885202,9.740809
5141542727939,0.45130703,-0.17836803,9.765948
5141545618856,0.39025488,0.005985504,9.622296
5141550618856,0.035913024,0.09696517,9.551667
5141552282606,0.035913024,0.09696517,9.551667
5141556520231,-0.11492168,0.092176765,9.585187
5141560858064,-0.31483752,0.14724341,9.824607
5141565982564,-0.37948096,0.24181437,9.653421
5141572080606,-0.5650316,0.15562311,9.394848
5141577345814,-0.842759,-0.074220255,9.66659
5141583585023,-0.5494693,-0.055066638,9.835381
5141589549523,-0.36990416,-0.12808979,9.659407
5141592304023,-0.36990416,-0.12808979,9.659407
5141596626189,-0.40342298,-0.18674773,9.545682
5141601987398,-0.20590134,0.0023942017,9.634268
5141605581898,-0.20590134,0.0023942017,9.634268
5141611540981,-0.1316811,0.23343466,9.895236
5141616101231,-0.1316811,0.23343466,9.895236
5141621101231,-0.14604631,0.3878607,8.565256
5141623772273,-0.14604631,0.3878607,8.565256
5141629704273,-0.14604631,0.3878607,8.565256
5141634987231,-0.58657944,-0.5686229,9.046491
5141639611106,-0.05746084,-0.11252748,9.830592
5141644357564,-0.05746084,-0.11252748,9.830592
5141650000398,0.31364042,0.24181437,9.637859
5141655733981,0.31364042,0.24181437,9.637859
5141660101981,0.21787235,-0.1328782,9.607931
5141663652356,0.21787235,-0.1328782,9.607931
5141669559481,-0.05865794,0.011971008,9.740809
5141674844606,-0.05865794,0.011971008,9.740809
5141679770314,0.10534488,0.0011971008,9.543288
5141685080773,0.10534488,0.0011971008,9.543288
5141690194773,0.1376666,-0.18794483,9.927557
5141695194773,0.21308395,0.30885202,9.324219
5141696773564,0.21308395,0.30885202,9.324219
5141702660189,-0.11731588,0.17597382,9.961076
5141707010481,-0.037110128,0.24420857,9.879673
5141711570064,-0.8367735,-0.30526072,9.654618
5141717107731,-3.8534677,-3.2369606,9.884461
5141722624856,0.4225766,0.33997664,10.134656
5141726852523,1.4784195,1.6136919,9.488221
5141731691898,1.0773908,1.958457,9.287108
5141737549356,-0.047884032,-0.19512744,9.79827
5141741460814,-0.5674258,-0.10295067,9.2069025
5141746267273,-0.94092125,0.17118542,9.14585
5141751352439,-0.6799533,-0.06464344,9.546879
5141756626981,-0.18794483,-0.2645593,9.648633
5141762873440,0.18076223,-0.22984336,9.394848
5141765849606,0.6607997,-0.1412579,9.676167
5141770704273,0.7469909,-0.1412579,9.712079
5141775704273,0.30885202,-0.16639702,9.524135
5141779317231,0.30885202,-0.16639702,9.524135
5141784141273,-0.047884032,-0.25258827,9.645041
5141792442523,0.11372458,-0.1604115,9.624691
5141796041856,0.035913024,-0.15682021,9.722853
5141801041856,0.051475335,-0.1340753,9.609129
5141804068773,0.051475335,-0.1340753,9.609129
5141807300648,0.07182605,0.0035913025,9.671378
5141811907523,0.2861071,0.05865794,9.810242
5141817385481,0.12090719,-0.02633622,9.753978
5141822385481,-0.022744916,0.039504327,9.710882
5141824331981,-0.022744916,0.039504327,9.710882
5141827641940,0.1376666,-0.02633622,9.583989
5141833009815,0.07182605,-0.2837129,9.623494
5141837006981,-0.29927522,-0.46208093,9.604341
5141840973815,-0.36391866,-0.4357447,9.800665
5141846326690,-0.23343466,-0.20709845,9.56723
5141852166773,-0.037110128,-0.24061728,9.740809
5141856495565,-0.0023942017,-0.38187516,9.629479
5141861495565,0.16879122,-0.4441244,9.65821
5141863217815,0.16879122,-0.4441244,9.65821
5141870805815,0.0035913025,-0.24061728,9.733627
5141876499356,-0.062249243,-0.19512744,9.671378
5141882964773,-0.07062895,-0.16160862,9.611523
5141885804690,-0.03232172,-0.48841715,9.657013
5141891508690,-0.053869538,-0.22625206,9.702502
5141897315148,-0.15203181,0.20350714,9.657013
5141902048190,0.016759412,0.09816227,9.611523
5141906743606,0.07062895,-0.12808979,9.640253
5141912228856,-0.07062895,-0.20590134,9.615114
5141916491106,-0.110133275,-0.4177882,9.645041
5141921597940,-0.6751649,-1.5574282,9.637859
5141926371648,-0.20829555,-0.9947908,9.652225
5141932754190,0.09816227,-0.25258827,9.706094
5141936608356,0.02873042,0.15442601,9.661801
5141941943356,-0.016759412,0.15801731,9.653421
5141946111065,-0.037110128,0.021547815,9.67856
5141951568690,0.031124622,0.045489833,9.654618
5141956893065,0.077811554,0.05267244,9.625888
5141963275981,0.06344634,0.05626374,9.654618
5141966451856,0.10055647,0.051475335,9.674969
5141972260898,0.035913024,0.18076223,9.640253
5141977520523,-0.025139118,0.24061728,9.654618
5141983242648,-0.037110128,0.25977087,9.683349
5141987467315,-0.055066638,0.2621651,9.646238
5141992355398,-0.051475335,0.31004912,9.657013
5141997230981,-0.061052144,0.2896984,9.645041
5142001764898,-0.04309563,0.30885202,9.634268
5142005138273,-0.022744916,0.30765492,9.660604
5142011203315,-0.031124622,0.3184288,9.659407
5142017155773,-0.02873042,0.30166942,9.662998
5142022155773,-0.027533319,0.30286652,9.671378
5142023943023,-0.027533319,0.30286652,9.671378
5142029980606,-0.01436521,0.320823,9.647436
5142032668148,-0.01436521,0.320823,9.647436
5142036246648,-0.011971008,0.32920274,9.676167
5142041246648,-0.033518825,0.32441434,9.640253
5142043672648,-0.033518825,0.32441434,9.640253
5142046420731,-0.037110128,0.29807812,9.64145
5142051974481,-0.049081136,0.2885013,9.640253
5142057347648,-0.053869538,0.2908955,9.619903
5142062024065,-0.06703765,0.30885202,9.636662
5142065317648,-0.05626374,0.32321724,9.635465
5142070317648,-0.06344634,0.31603462,9.64983
5142072719523,-0.06344634,0.31603462,9.64983
5142076986481,-0.046686932,0.33039984,9.662998
5142081986481,-0.08619126,0.34715924,9.643845
5142083701106,-0.08619126,0.34715924,9.643845
5142091665773,-0.7769185,0.700304,9.634268
5142096507731,-0.60453594,0.50038815,9.630676
5142102104565,-0.36511576,0.31124622,9.645041
5142104987148,-0.15682021,0.32800564,9.631873
5142111026065,-0.35913026,0.31004912,9.668983
5142116663731,-0.4213795,0.36032736,9.664195
5142122220148,-0.44771573,0.415394,9.621099
5142127365940,-0.4405331,0.33877954,9.601946
5142131726690,-0.36750996,0.40581718,9.633071
5142137195023,-0.2789245,0.30645782,9.625888
5142142195023,-0.40581718,0.40701428,9.648633
5142143732106,-0.40581718,0.40701428,9.648633
5142150575565,-0.46567222,0.35793316,9.673772
5142153696356,-0.46567222,0.35793316,9.673772
5142159881731,-0.61770403,0.4357447,9.660604
5142163388606,-0.92057055,0.36032736,9.64983
5142166389315,-0.89303726,0.35194764,9.65821
5142171360523,-1.0139444,0.47046062,9.593566
5142176953898,-1.0714053,0.5351041,9.593566
5142183255981,-1.174356,0.50637364,9.654618
5142191635565,-0.59735334,0.5231331,9.581595
5142197079190,-0.90500826,0.557849,9.68694
5142203096856,-0.5279215,0.2681506,9.508572
5142206441356,-0.5279215,0.2681506,9.508572
5142211421648,-0.32321724,0.25977087,9.489418
5142217509815,-0.32321724,0.25977087,9.489418
5142223171398,0.14963761,-0.088585466,9.745598
5142225797023,0.14963761,-0.088585466,9.745598
5142230797023,0.78050977,-0.33997664,9.516952
5142232362606,0.78050977,-0.33997664,9.516952
5142236130440,0.78050977,-0.33997664,9.516952
5142241159148,0.700304,-0.47644615,9.665392
5142244837315,0.700304,-0.47644615,9.665392
5142249837315,1.0127473,-0.16759412,9.707291
5142252455606,1.0127473,-0.16759412,9.707291
5142257675898,1.0127473,-0.16759412,9.707291
5142262043023,0.6967127,-0.2633622,9.878476
5142265644648,0.6967127,-0.2633622,9.878476
5142272144148,0.19991584,-0.15083471,9.674969
5142275782106,0.06823475,-0.18794483,9.490616
5142281589731,-0.06823475,-0.46806642,9.739613
5142285998565,0.23343466,-0.59256494,9.679757
5142290904606,0.17357962,-0.6631939,9.554062
5142295905648,0.32321724,-0.62368953,9.604341
5142300905648,0.059855044,-0.61530983,9.589975
5142303092606,0.059855044,-0.61530983,9.589975
5142305799440,0.07182605,-0.5686229,10.1861315
5142311154523,0.17836803,-0.4213795,10.218452
5142317526606,0.4333505,-0.2681506,9.985018
5142323930606,0.50038815,-0.2657564,9.55047
5142326733565,0.4345476,-0.32321724,9.524135
5142331733565,0.19871874,-0.49320555,9.566033
5142333426856,0.19871874,-0.49320555,9.566033
5142337698773,0.5279215,-0.33159694,9.938332
5142341996940,0.61171854,-0.22984336,9.655815
5142345700815,0.6751649,-0.21906945,9.510966
5142350700815,1.0666169,-0.16160862,9.500193
5142352667565,1.0666169,-0.16160862,9.500193
5142356376773,1.0534488,-0.12569559,9.61272
5142360849106,0.91219085,-0.30286652,9.114726
5142365507731,0.6500258,-0.22864626,9.599552
5142371914898,0.21547815,-0.053869538,9.970653
5142376954190,-0.2825158,-0.039504327,9.949105
5142381183815,-0.80924016,0.2813187,9.739613
5142385609023,-1.1168951,0.38307226,9.548077
5142391755648,-1.0714053,0.48841715,9.776723
5142396313106,-1.0079589,0.47524905,9.639056
5142401465190,-0.6512229,0.39384618,9.502586
5142406041731,-0.29448682,0.29807812,9.665392
5142411697231,0.06584055,0.0047884034,9.7563715
5142416452731,0.46088383,-0.30885202,9.639056
5142421506523,0.9720459,-0.5781997,9.594764
5142425032773,1.4149733,-0.7733272,9.716867
5142430032773,1.8363527,-1.1240777,9.768343
5142432313606,1.8363527,-1.1240777,9.768343
5142436559440,2.3642743,-1.4867992,9.518148
5142442424273,2.622848,-1.5167267,9.55885
5142445234273,2.4995465,-1.2797008,9.671378
5142450234273,2.207454,-1.0307038,9.750386
5142452449356,2.207454,-1.0307038,9.750386
5142457095482,1.6998832,-0.7517793,9.570822
5142461226690,1.3467385,-0.5291186,9.489418
5142466353940,0.8655039,-0.2885013,9.114726
5142471075148,0.45848963,0.6572084,8.991425
5142477133607,-0.50038815,0.9864111,9.647436
5142482823690,-1.0570401,1.5107412,9.652225
5142485920273,-1.590947,1.7717092,9.309854
5142491494315,-1.8926164,2.4073699,9.743204
5142496798107,-1.7872716,2.5438392,9.615114
5142503118357,-2.183512,2.5151088,9.628283
5142505712607,-1.4532804,2.2996306,9.507375
5142510979607,-0.760159,2.088941,9.583989
5142517211982,0.047884032,1.780089,9.627085
5142523297107,0.5734113,1.6208745,9.582792
5142526078690,0.8487445,1.6160861,9.579201
5142530949482,0.7182605,1.2509704,9.579201
5142536447107,0.5710171,0.78888947,9.633071
5142541447107,0.45729253,0.47764325,9.676167
5142543792398,0.45729253,0.47764325,9.676167
5142547063648,0.60932434,0.20949265,9.613917
5142552598773,0.6991069,-0.22266077,9.683349
5142556554148,0.7158663,-0.60932434,9.622296
5142561554148,0.6452374,-0.6368576,9.639056
5142563828148,0.6452374,-0.6368576,9.639056
5142567181065,0.8607155,-0.79367787,9.657013
5142572266773,0.7565677,-0.4405331,9.661801
5142576479982,0.79607207,-0.20470424,9.5971575
5142582338607,0.5614403,-0.21667525,9.67018
5142589737023,0.20590134,-0.035913024,9.555259
5142591723273,0.20590134,-0.035913024,9.555259
5142596411065,0.034715924,0.04070143,9.657013
5142601818607,0.14724341,0.0011971008,9.673772
5142606203398,-0.046686932,0.35913026,9.660604
5142611393398,-0.19991584,0.8499416,9.516952
5142616393398,-0.49320555,0.61650693,9.634268
5142619399773,-0.49320555,0.61650693,9.634268
5142624238107,-0.39983168,0.5566519,9.603143
5142628070523,-0.15562311,0.90381116,9.680955
5142631974857,-0.10295067,1.3299791,9.654618
5142635582732,-0.22744916,1.2330139,9.67018
5142640582732,-0.18794483,1.0809821,9.701305
5142644568357,-0.18794483,1.0809821,9.701305
5142650662732,0.320823,1.4089876,9.628283
5142655662732,0.2693477,1.0079589,9.616311
5142657568523,0.2693477,1.0079589,9.616311
5142662426357,0.24181437,0.6440403,9.664195
5142665161148,0.34356794,0.36990416,9.6845455
5142670326232,0.44771573,0.18195933,9.616311
5142674877690,0.45729253,-0.22984336,9.636662
5142679515023,0.7026982,-0.24301147,9.646238
5142683629107,0.7290344,-0.41299978,9.685743
5142690086148,0.34117374,-0.7290344,9.645041
5142694504398,-0.08379706,-0.81522566,9.618706
5142699504398,0.0035913025,-0.4285621,9.661801
5142701120315,0.0035913025,-0.4285621,9.661801
5142703936607,0.02873042,-0.16519992,9.668983
5142709874690,-0.079008654,-0.1316811,9.69532
5142715074523,-0.007182605,0.09935937,9.67856
5142720323398,-0.06943185,0.4237737,9.618706
5142725323398,-0.19991584,0.94690675,9.832987
5142727524690,-0.19991584,0.94690675,9.832987
5142731558898,-0.14604631,1.0402806,9.601946
5142736839232,-0.16639702,1.1587936,9.563639
5142742049982,0.05626374,1.389834,9.604341
5142746646190,0.4285621,1.4580688,9.534908
5142752648940,0.39983168,1.5035586,9.640253
5142757448273,0.37110126,1.3431472,9.552865
5142763217232,0.36152446,1.2078748,9.609129
5142769855398,0.16879122,0.59495914,9.66659
5142772550565,0.16879122,0.59495914,9.66659
5142776286315,0.1316811,0.34476504,9.636662
5142781286315,0.008379706,0.25498247,9.607931
5142783504732,0.008379706,0.25498247,9.607931
5142789786773,0.20350714,0.25378537,9.667787
5142791649232,0.20350714,0.25378537,9.667787
5142796773232,0.20350714,0.25378537,9.667787
5142801803732,0.24540567,0.25139117,9.618706
5142806358232,0.24540567,0.25139117,9.618706
5142812103482,0.1448492,0.1352724,9.673772
5142817465565,0.1448492,0.1352724,9.673772
5142821743357,0.16998832,0.34117374,9.603143
5142826595940,0.16998832,0.34117374,9.603143
5142831230648,0.33399114,0.7637503,9.721656
5142836217065,0.33399114,0.7637503,9.721656
5142841217065,0.19153613,0.5470751,9.7324295
5142843449398,0.19153613,0.5470751,9.7324295
5142848983773,0.37708676,1.1180922,9.570822
5142852548065,0.37708676,1.1180922,9.570822
5142856921315,0.37708676,1.1180922,9.570822
5142861921315,0.48243165,1.0474633,9.603143
5142863683023,0.48243165,1.0474633,9.603143
5142871371690,0.260968,0.5710171,9.618706
5142877100565,0.260968,0.5710171,9.618706
5142881572398,0.12569559,0.32561144,9.645041
5142884815148,0.11851298,0.29328972,9.634268
5142889815148,0.12449849,0.31244332,9.631873
5142891412607,0.12449849,0.31244332,9.631873
5142897456023,0.10414778,0.2645593,9.624691
5142902456023,0.10055647,0.17357962,9.665392
5142904046482,0.10055647,0.17357962,9.665392
5142906899190,0.08259996,-0.0011971008,9.655815
5142911638523,0.10175357,-0.22864626,9.600749
5142917141565,0.10414778,-0.25977087,9.616311
5142922141565,0.12090719,-0.016759412,9.653421
5142924138940,0.12090719,-0.016759412,9.653421
5142926979565,0.15322891,0.28491,9.653421
5142931218898,0.20590134,0.5255273,9.679757
5142936532982,0.130484,0.46088383,9.551667
5142942020148,0.12689269,0.3890578,9.645041
5142946786148,0.11971009,0.07182605,9.661801
5142952556607,0.16519992,-0.20590134,9.690532
5142956957773,0.1412579,-0.110133275,9.661801
5142961737023,0.12689269,-0.4297592,9.700109
5142966872898,0.074220255,-0.79248077,9.714474
5142972635857,0.04189853,-1.0031705,9.712079
5142977161565,-0.050278235,-1.2557588,9.679757
5142983452815,0.12330139,-1.2761095,9.698911
5142986100732,0.10175357,-1.1228806,9.703699
5142990906982,-0.0047884034,-1.0833763,9.635465
5142996982898,-0.22026655,-0.9564836,9.483433
5143002583107,-0.40342298,-0.8846575,9.710882
5143006415482,0.33518824,-0.22146365,10.255563
5143012495482,0.62728083,0.093373865,8.208521
5143017354982,-2.2589293,-1.8447324,10.077195
5143023686982,-2.4157495,-2.4169466,7.181408
5143026300023,-1.3335704,-1.2904748,10.9834
5143032457690,-1.079785,-1.5286977,10.351331
5143037362232,-0.8846575,-1.7322049,9.883265
5143042580773,-0.6679823,-1.8267759,9.605537
5143045990357,-0.20829555,-1.7262194,9.390059
5143052142023,-0.33518824,-2.2744915,6.695385
5143057225232,0.06823475,-1.4305356,10.699687
5143062225232,0.16639702,-1.1300632,9.24521
5143063822565,0.16639702,-1.1300632,9.24521
5143066675732,0.80205756,-0.7170634,10.368091
5143071884607,0.37229836,-0.973243,8.663419
5143076572023,0.320823,-1.1300632,10.150218
5143081743773,-0.022744916,-1.2868834,9.726444
5143086746523,0.09696517,-1.2150574,9.41879
5143091067440,-0.18555063,-1.1456255,5.8693852
5143097074732,-0.24779987,-1.9153614,11.297041
5143102464482,0.092176765,-2.291251,10.790668
5143106587357,0.272939,-2.0398598,10.506954
5143111574065,0.24779987,-1.9057846,10.372879
5143116000815,0.32441434,-1.7764976,9.7324295
5143120978107,-0.020350715,-1.9213469,9.352949
5143125633940,-0.10055647,-1.7968484,8.605958
5143130633940,0.050278235,-1.9812019,9.32781
5143132290565,0.050278235,-1.9812019,9.32781
5143137546898,0.093373865,-2.042254,9.203311
5143143438773,-0.090979666,-2.0937295,10.023325
5143152220607,-0.34596214,-1.7609353,9.992201
5143157428232,-0.46567222,-1.5753847,9.8916445
5143163861357,-0.1436521,-1.34195,10.101137
5143171724065,0.11372458,-1.6352397,8.680179
5143177120024,0.58657944,-1.3694834,10.381259
5143182344274,0.7038953,-1.5466543,9.773131
5143185342440,0.04189853,-1.8100165,8.531737
5143190342440,0.14844051,-1.7956513,10.053253
5143193731482,0.14844051,-1.7956513,10.053253
5143197148732,0.6440403,-1.5693992,9.533711
5143202081315,0.7721301,-1.234211,8.884883
5143206170607,0.46567222,-1.246182,10.192117
5143211433565,0.2873042,-1.6496049,9.293094
5143217132024,0.3184288,-1.4508862,9.17099
5143222132024,0.30166942,-1.4413095,10.359711
5143224238107,0.30166942,-1.4413095,10.359711
5143227259274,0.029927522,-1.2605472,8.433576
5143232972899,-0.108936176,-1.4065934,9.728839
5143236188024,0.15442601,-1.2641385,11.071986
5143241992565,0.20709845,-1.352724,11.634624
5143246268649,0.23582886,-1.1384429,8.925584
5143252382315,0.49200845,-1.3634979,8.942344
5143256637107,0.61890113,-1.1683705,7.896077
5143261720732,0.80445176,-0.89902276,10.351331
5143265852565,0.36272156,-1.34195,8.917204
5143271844690,0.3890578,-0.7505822,10.363302
5143276496065,0.027533319,-0.47165772,8.566454
5143281496065,0.30166942,-0.51714754,9.623494
5143283693732,0.30166942,-0.51714754,9.623494
5143286854607,-0.055066638,-0.61530983,10.245986
5143292608857,0.029927522,-0.6428431,12.156559
5143296149815,-0.077811554,-0.90859956,8.568848
5143301764149,-0.34356794,-0.6955156,9.057265
5143304547524,-0.40342298,-0.49320555,9.560047
5143310805399,-0.2885013,-0.39384618,10.127473
5143316056024,-0.2837129,-0.557849,9.270349
5143321067149,-0.16400282,-0.5638345,9.238028
5143326221232,0.017956512,-0.62488663,8.718486
5143331586190,-0.16998832,-0.56982,7.5704656
5143337045315,0.18674773,-0.24899697,10.301053
5143342045315,0.2873042,-0.10055647,10.656591
5143343631524,0.2873042,-0.10055647,10.656591
5143346857940,0.25019407,-0.19393034,10.00896
5143352491732,0.36511576,-0.51595044,9.348161
5143356496357,0.48722005,-0.2908955,10.151415
5143361496357,0.46447513,0.20829555,10.441113
5143363392524,0.46447513,0.20829555,10.441113
5143366391232,0.05865794,-0.079008654,8.781932
5143372819899,0.05746084,0.045489833,10.612299
5143376197565,-0.20111294,-0.35553896,8.785523
5143381197565,-0.075417355,-0.07182605,9.801862
5143383613399,-0.075417355,-0.07182605,9.801862
5143391633440,-0.533907,0.08619126,9.42238
5143396999982,-0.533907,0.08619126,9.42238
5143403398774,-0.34835634,1.0187328,10.801441
5143411189190,-0.9756372,0.33039984,9.526528
5143417362107,-0.9756372,0.33039984,9.526528
5143422548482,-0.23463176,0.7170634,11.936293
5143426777274,-0.23463176,0.7170634,11.936293
5143431494315,-0.60453594,0.5805939,9.916783
5143437244315,-0.60453594,0.5805939,9.916783
5143441891315,-0.50637364,0.6979098,9.792285
5143445557815,-0.50637364,0.6979098,9.792285
5143450557815,-0.6691794,0.30406362,9.01776
5143452919524,-0.6691794,0.30406362,9.01776
5143456152774,-0.6691794,0.30406362,9.01776
5143461152774,-0.36870706,0.34237084,9.247604
5143463822940,-0.36870706,0.34237084,9.247604
5143470236357,0.5482722,0.2645593,7.973889
5143475654815,0.79367787,0.4297592,10.554838
5143480315232,0.45609543,0.24301147,11.116279
5143484941899,0.009576807,0.3172317,10.394426
5143490970982,0.016759412,0.2896984,11.160571
5143495537899,-0.48722005,0.50876784,11.523293
5143500870774,-0.5327099,0.22505496,9.775525
5143505113190,-0.16998832,0.08020575,7.8912888
5143511296649,0.4225766,0.07062895,8.152257
5143515894149,0.36152446,0.30645782,9.61272
5143520448065,0.34835634,0.6967127,10.287885
5143525448065,0.12569559,0.4189853,10.420763
5143527503232,0.12569559,0.4189853,10.420763
5143531674774,0.12689269,0.2789245,8.444349
5143536494732,0.15322891,0.2873042,10.420763
5143542045857,-0.32321724,0.25977087,9.8677025
5143545587565,0.089782566,1.340753,9.9550905
5143550587565,0.19512744,0.6464345,10.386047
5143553204565,0.19512744,0.6464345,10.386047
5143556623690,0.31364042,0.5291186,9.864111
5143561623690,-0.17238252,0.33758244,8.376115
5143563665232,-0.17238252,0.33758244,8.376115
5143566803399,-0.63087213,0.06584055,9.9550905
5143572162732,-0.017956512,-0.0047884034,9.888053
5143576791357,0.415394,1.2066777,11.233594
5143581781232,0.12449849,0.5374983,8.756793
5143586035149,-0.5781997,0.49440265,9.425972
5143592520815,-0.6859388,0.16519992,9.363723
5143595700649,-0.8619126,0.07182605,10.060435
5143601773940,-0.6619968,-0.37948096,9.555259
5143605674190,0.24660277,-0.33997664,10.554838
5143611405940,0.24301147,0.08020575,10.205285
5143615979024,0.027533319,0.5291186,9.788693
5143620979024,0.095768064,0.7290344,10.181343
5143623557357,0.095768064,0.7290344,10.181343
5143626629149,0.36511576,0.80564886,9.554062
5143631629149,0.9564836,0.78529817,9.586384
5143634271440,0.9564836,0.78529817,9.586384
5143638284815,1.4425066,0.7505822,9.762358
5143641770065,1.5885528,0.8690952,9.657013
5143646032940,1.3670892,0.8678981,9.827001
5143652227065,1.5071499,0.7505822,9.151836
5143657227065,1.6256629,0.6847417,9.151836
5143662495024,1.6256629,0.6847417,9.151836
5143666612482,1.3215994,0.6943185,9.554062
5143669414399,0.79008657,0.4165911,9.973047
5143675862649,0.47884035,0.50397944,10.790668
5143679462315,0.21787235,0.6440403,10.8624935
5143684252690,-0.033518825,0.8403648,10.108319
5143689527399,-0.1448492,0.48841715,6.835446
5143694527399,-0.39863458,0.9624691,8.526949
5143696258149,-0.39863458,0.9624691,8.526949
5143699741399,-0.7374141,0.9564836,8.973468
5143704386774,-0.7541735,1.3623008,10.3214035
5143710287399,-0.81881696,1.4688427,9.510966
5143714466482,-0.6859388,1.6747441,10.149021
5143720002274,6.637924,5.5844755,12.290634
5143725002274,0.91458505,2.658761,9.215282
5143726818815,0.91458505,2.658761,9.215282
5143731136649,-1.1288661,1.6280571,9.324219
5143736253107,-1.9428947,1.6699557,9.908403
5143741058274,-2.1942859,1.6759412,9.464279
5143745192732,-2.27928,1.6663644,9.67018
5143750982899,-2.147599,2.9999347,10.941502
5143756720149,-1.6831238,3.441665,10.606314
5143761595815,-0.641646,1.8243817,6.408081
5143765011149,0.37229836,1.9321208,9.879673
5143770011149,0.50637364,1.1947067,8.376115
5143771900065,0.50637364,1.1947067,8.376115
5143777401149,0.60932434,1.2976574,10.469844
5143783623607,-0.038307227,1.4939818,10.530896
5143786808357,-0.60094464,1.673547,9.470264
5143792706815,-0.8750807,1.5837644,10.742783
5143796208482,-0.5746084,3.2022448,9.915586
5143801208482,0.22744916,2.8862102,14.694413
5143803594190,0.22744916,2.8862102,14.694413
5143810222982,0.11492168,2.3594859,9.913192
5143812375940,0.11492168,2.3594859,9.913192
5143816828815,0.027533319,2.4432828,9.605537
5143822492899,0.007182605,2.5965118,9.419987
5143826651982,0.24779987,2.896984,9.7863
5143831844857,0.80325466,4.9655743,14.222755
5143836580690,0.1364695,1.5801731,0.7302315
5143842026190,0.46447513,1.4688427,4.1838675
5143845648565,-0.02633622,1.4281414,7.1502833
5143850648565,0.1604115,1.9428947,9.768343
5143852517816,0.1604115,1.9428947,9.768343
5143856523107,0.2873042,2.5785553,9.9550905
5143862137941,0.2645593,2.8909986,9.932345
5143866713066,0.19033903,2.9735985,10.17416
5143871510316,0.25139117,2.9352913,9.953894
5143877017191,0.3842694,2.9496565,9.67856
5143881690732,0.5398925,2.8742392,9.531317
5143886827232,0.6560113,2.7162218,9.5732155
5143892124316,0.6727707,2.6192567,9.514558
5143896324316,0.80445176,2.7341783,9.360131
5143901642066,0.81642276,2.8933928,9.445126
5143905638899,0.81761986,3.0669725,9.343372
5143911086899,0.59615624,2.9245174,9.384073
5143915690441,0.49081135,2.918532,9.350554
5143921798566,0.34596214,2.7928362,9.386468
5143925215191,0.16280572,2.8407204,9.451111
5143930215191,-0.110133275,2.4887726,9.405622
5143932575149,-0.110133275,2.4887726,9.405622
5143936816482,-0.22146365,1.8447324,9.415198
5143942435732,0.0023942017,1.5227122,9.440337
5143945085857,0.40940848,1.4197617,9.489418
5143950085857,0.4285621,1.186327,9.482236
5143952752399,0.4285621,1.186327,9.482236
5143957171691,0.092176765,0.7793127,9.560047
5143962152316,-0.14963761,0.020350715,9.635465
5143966350774,-0.2705448,-0.16998832,9.622296
5143972067149,-0.30406362,-0.093373865,9.667787
5143976351816,-0.16879122,0.008379706,9.701305
5143982085732,0.11731588,0.3184288,9.740809
5143986425566,0.11731588,0.3184288,9.740809
5143992090066,0.29927522,0.60573304,9.726444
5143996950316,0.29927522,0.60573304,9.726444
5144002407024,0.29807812,1.2210429,9.646238
5144005350316,0.29807812,1.2210429,9.646238
5144011183857,0.10175357,1.6160861,9.654618
5144017054441,0.10175357,1.6160861,9.654618
5144021550024,-0.045489833,1.2521675,9.683349
5144026558857,-0.045489833,1.2521675,9.683349
5144031217649,-0.0047884034,1.151611,9.696517
5144036373482,-0.0047884034,1.151611,9.696517
5144041373482,0.11851298,1.22224,9.676167
5144043542691,0.11851298,1.22224,9.676167
5144050850066,0.22146365,1.3802572,9.5732155
5144052613524,0.22146365,1.3802572,9.5732155
5144057370899,0.22146365,1.3802572,9.5732155
5144063794191,0.12449849,1.1827357,9.5971575
5144072007566,0.088585466,0.92775315,9.625888
5144076881024,0.12569559,0.81642276,9.619903
5144081881024,0.18076223,0.78410107,9.647436
5144083883732,0.18076223,0.78410107,9.647436
5144087126899,0.2741361,0.7733272,9.627085
5144091831066,0.4237737,0.90979666,9.621099
5144095955399,0.5470751,0.9828198,9.619903
5144100955399,0.6631939,0.93613285,9.645041
5144103538524,0.6631939,0.93613285,9.645041
5144109975774,0.82719666,1.0450691,9.580399
5144111945732,0.82719666,1.0450691,9.580399
5144116514774,0.7781156,1.0510546,9.560047
5144122638232,0.7469909,1.2054806,9.645041
5144126817774,0.7386112,1.401805,9.674969
5144132611816,0.6512229,1.34195,9.647436
5144136507274,0.50397944,1.163582,9.655815
5144141507274,0.2873042,1.0905589,9.672575
5144143628691,0.2873042,1.0905589,9.672575
5144146574607,-0.108936176,0.91697925,9.655815
5144152151107,0.58418524,-0.23343466,11.580753
5144157533357,2.815581,-3.2273839,9.131485
5144161690774,0.29209262,-2.5198972,11.542446
5144166515274,-1.745373,0.25139117,9.503783
5144171351899,-2.4169466,1.8136078,9.639056
5144176622899,-2.6886885,0.16280572,10.666168
5144181199607,-3.702633,-0.06823475,9.465476
5144184813482,-3.9636009,0.18435353,8.428787
5144191077816,-0.5231331,2.5570073,9.069236
5144195682441,0.91578215,3.0669725,9.221268
5144202130732,0.21547815,2.219425,9.939528
5144206196191,0.7661445,1.8136078,9.682152
5144211837732,1.2952632,1.7417817,9.615114
5144216180149,0.7314286,1.459266,9.701305
5144221479774,0.2681506,1.4185646,9.79827
5144226044316,-0.29927522,1.3946224,9.794679
5144231492441,-0.23463176,1.3862427,9.787497
5144236892149,-0.48362875,1.0534488,9.340978
5144241737066,-2.6850972,0.8583213,8.88608
5144246873107,-2.7688942,0.6667852,10.251971
5144253195649,-2.432509,1.4999673,9.792285
5144256090399,-1.7956513,1.9692309,9.399636
5144261493649,-1.6759412,1.520318,9.551667
5144266292982,-1.5167267,1.1168951,9.370906
5144272389441,-0.58777654,1.3575124,9.362526
5144276935024,0.5805939,1.3503298,9.803059
5144282531441,1.4341269,1.3862427,9.583989
5144285757274,1.411382,1.0414777,9.861717
5144290757274,0.8595184,0.5398925,9.964667
5144292336107,0.8595184,0.5398925,9.964667
5144297088191,-0.12569559,0.32561144,9.478644
5144303053107,-0.82599956,0.4369418,9.248801
5144307466024,-1.115698,0.60453594,8.974665
5144311942232,-1.1312603,0.6332663,9.585187
5144317612482,-1.3204023,0.80684596,9.483433
5144323454441,-1.0809821,0.92655605,9.56723
5144331299357,-0.45848963,1.0702082,9.500193
5144336346899,0.05267244,1.0247183,10.125079
5144342342899,0.35913026,0.9816227,10.183737
5144346940482,0.7338228,1.0127473,9.060856
5144351572066,0.6955156,1.0414777,9.270349
5144356736691,0.7661445,1.1875241,9.749189
5144361736691,0.8774749,1.5059528,9.41041
5144364010857,0.8774749,1.5059528,9.41041
5144367955524,0.93613285,1.5263035,9.494206
5144373961857,0.8858546,1.5011644,9.307459
5144380031316,0.7290344,1.3599066,9.625888
5144383738857,0.2873042,1.34195,9.968259
5144389626149,-0.059855044,1.4891934,9.55047
5144395079107,-0.31364042,1.2485762,9.643845
5144399699607,-0.7015011,0.91817635,9.355343
5144404268816,-0.9660604,0.6895301,10.2974615
5144409716066,-1.8770541,1.1935096,3.751714
5144415693441,-1.0414777,0.5303157,11.071986
5144419817149,-0.33638534,0.7158663,9.706094
5144424232482,0.23104046,0.748188,9.382876
5144429716607,1.2689269,-1.234211,9.5732155
5144434743816,0.89782566,-0.051475335,9.074024
5144439818232,0.8451532,0.39145198,9.49301
5144444818232,0.6548142,0.59495914,9.692925
5144447340566,0.6548142,0.59495914,9.692925
5144451171899,0.6631939,0.60693014,10.042479
5144457083524,0.60094464,0.45370123,9.228451
5144463306149,0.6368576,0.18315643,9.557653
5144466267441,0.7278373,0.8535329,9.598354
5144472062232,0.81522566,1.0570401,9.634268
5144476886566,0.878672,1.0319009,9.257181
5144482680941,0.93613285,0.9516952,8.784326
5144487316774,1.0390835,0.8583213,9.805453
5144492386857,0.93613285,1.1707647,9.522937
5144496455899,0.7398083,1.0594343,9.832987
5144502164607,0.23822308,0.760159,9.64145
5144507374399,-0.050278235,0.29448682,9.218874
5144510620149,-0.31124622,-0.1352724,8.90643
5144516338441,-0.37349546,-0.49200845,8.834604
5144521338441,-0.6751649,-0.78290397,9.607931
5144523307941,-0.6751649,-0.78290397,9.607931
5144530219982,-0.8810662,-0.8415619,9.481039
5144533431274,-0.8810662,-0.8415619,9.481039
5144537116857,-0.81283146,-0.81761986,9.473856
5144542445357,-0.51714754,-0.9660604,9.659407
5144545366399,0.0023942017,-0.8535329,9.739613
5144550366399,0.24899697,-0.60812724,9.405622
5144552511233,0.24899697,-0.60812724,9.405622
5144556442608,0.39025488,-0.51714754,9.848549
5144562167608,0.46567222,-0.4357447,9.759963
5144566402399,0.5554548,-0.4165911,10.338163
5144572145274,0.58657944,-0.079008654,9.93474
5144577131566,0.58657944,-0.079008654,9.93474
5144583597441,-0.30765492,1.8854338,9.481039
5144591164024,0.3172317,2.8574798,9.774328
5144596727941,0.3172317,2.8574798,9.774328
5144600969441,0.16879122,2.2361844,8.9998045
5144605836858,0.16879122,2.2361844,8.9998045
5144611004983,0.32561144,2.148796,10.466252
5144616797233,0.32561144,2.148796,10.466252
5144621908024,0.37229836,1.9871874,8.844181
5144625546274,0.37229836,1.9871874,8.844181
5144631487316,-0.073023155,1.1025299,10.336966
5144637560441,-0.073023155,1.1025299,10.336966
5144643354566,-0.40342298,0.63087213,9.643845
5144646026774,-0.40342298,0.63087213,9.643845
5144652248774,-0.58897364,0.724246,8.65025
5144656778233,-0.44532153,0.5554548,9.3182335
5144662619524,-0.35314476,0.33758244,9.683349
5144665216316,-0.09816227,0.34596214,9.153033
5144670216316,-0.021547815,0.7697359,9.995792
5144671767608,-0.021547815,0.7697359,9.995792
5144677496233,0.2621651,1.0031705,10.332177
5144682496233,0.58897364,1.1815386,9.115923
5144684014399,0.58897364,1.1815386,9.115923
5144689310858,0.7757214,1.2797008,8.354567
5144692939066,0.89782566,1.1504139,10.30225
5144695460816,1.2054806,1.0929531,10.278308
5144700214441,1.3108255,1.2629414,9.718064
5144704267399,1.4999673,1.2653356,9.773131
5144709640649,1.5921441,1.1252748,9.048885
5144715741399,1.4640543,0.92296475,10.315418
5144719648649,1.483208,1.0570401,8.839393
5144723733274,0.94331545,0.7445967,9.26197
5144729564774,0.3854665,0.80325466,8.653842
5144734999316,-0.24061728,0.30406362,9.7563715
5144739785358,-0.8319851,0.074220255,10.030508
5144744967691,-1.3503298,-0.08020575,9.689334
5144750097858,-1.70946,-0.1400608,9.873688
5144755841733,-1.887828,-0.24540567,9.722853
5144760288483,-1.9153614,-0.47405192,10.405201
5144766571483,-1.7513585,-0.6356605,9.93474
5144771591816,-1.3192052,-0.61291564,10.077195
5144776949149,-0.8535329,-0.7673417,10.614694
5144781949149,-0.18315643,-0.5518635,9.791088
5144784215191,-0.18315643,-0.5518635,9.791088
5144787596774,0.48482585,-0.581791,9.824607
5144791669691,1.1324574,-0.1364695,9.233239
5144796084483,1.1659763,-0.06703765,9.81503
5144801596858,0.90141696,-0.23582886,9.507375
5144806429816,0.92655605,-0.094570965,8.692149
5144811166649,1.0390835,-0.12689269,8.924387
5144816013858,0.9624691,-0.25019407,9.734824
5144821013858,0.9828198,-0.49679685,9.27394
5144822695774,0.9828198,-0.49679685,9.27394
5144826780858,1.0259154,-0.7422025,9.26556
5144832200441,1.0366893,-0.6955156,9.010578
5144837535608,0.8846575,-0.8475474,9.882068
5144843803733,0.44532153,-0.94570965,9.958682
5144846565941,0.18794483,-0.8774749,9.472659
5144852388816,-0.2645593,-0.81761986,9.55885
5144856427983,-0.62847793,-0.78410107,9.969456
5144861427983,-0.7146692,-0.6512229,8.641871
5144863824983,-0.7146692,-0.6512229,8.641871
5144872494316,-0.34356794,-0.7697359,9.625888
5144877204399,0.033518825,-0.9959879,9.610326
5144882204399,0.33399114,-1.1839328,9.3733
5144883833858,0.33399114,-1.1839328,9.3733
5144891087983,0.82001406,-1.6041151,10.287885
5144893001274,0.82001406,-1.6041151,10.287885
5144896379274,0.93972415,-1.4987702,10.095152
5144902432149,0.7266402,-1.6017209,9.896433
5144906817608,0.4357447,-1.6280571,10.492589
5144911733066,0.47524905,-1.3359646,10.139444
5144916093983,0.28491,-1.3718776,9.615114
5144921698399,0.415394,-1.2234371,10.238804
5144925309774,0.49919105,-1.0187328,9.2547865
5144930309774,0.62967503,-1.1264719,9.252393
5144933212816,0.62967503,-1.1264719,9.252393
5144936470983,0.92775315,-1.2509704,8.918402
5144941470983,0.8559271,-1.4532804,9.921572
5144943700066,0.8559271,-1.4532804,9.921572
5144951402316,0.24899697,-1.2940661,10.052056
5144957154233,-0.30645782,-1.3946224,9.718064
5144963469108,-0.49081135,-1.5957354,9.8437605
5144970615149,-0.39384618,-1.2401965,9.376891
5144973423941,-0.39384618,-1.2401965,9.376891
5144977794149,-0.5446809,-1.1168951,9.362526
5144983107274,-0.50876784,-1.1073183,9.762358
5144986204816,-0.6536171,-1.2006922,9.957485
5144991790608,-0.5315128,-1.0055647,9.662998
5144997457441,-0.28491,-0.7769185,9.576807
5145003309983,-0.029927522,-0.6500258,9.637859
5145010735108,0.62488663,-0.48602295,8.426393
5145012246899,0.62488663,-0.48602295,8.426393
5145016680274,0.7038953,-0.61052144,10.115502
5145021926149,0.8607155,-0.50996494,9.041702
5145025750733,0.6919243,-0.8762778,10.261548
5145030750733,0.46447513,-0.878672,9.534908
5145032358774,0.46447513,-0.878672,9.534908
5145035541691,-0.008379706,-1.1073183,10.0987425
5145040541691,-0.027533319,-1.0259154,9.616311
5145042829774,-0.027533319,-1.0259154,9.616311
5145046739816,-0.089782566,-1.0749966,9.652225
5145052683816,-0.1364695,-1.2569559,9.680955
5145057621983,-0.1364695,-1.021127,9.198523
5145061677316,-0.17477672,-0.93613285,9.7863
5145066173983,-0.20111294,-0.7302315,9.443929
5145072547983,-0.33518824,-0.81163436,9.824607
5145077024733,-0.47165772,-0.6512229,9.392453
5145083512149,-0.59735334,-0.5614403,9.883265
5145086245483,-0.50996494,-0.2837129,9.545682
5145091571899,-0.16639702,-0.3866636,9.4774475
5145096958983,-0.14604631,-0.47046062,9.838972
5145101465191,0.11851298,-0.49799395,9.528923
5145106407691,0.1436521,-0.7589619,9.635465
5145112101858,0.31603462,-0.6572084,9.2907
5145117077233,0.14844051,-0.8367735,9.703699
5145121512024,0.017956512,-0.78050977,9.616311
5145126526483,-0.044292733,-0.6679823,9.952697
5145131507191,0.18195933,-1.9656396,11.383232
5145137309691,0.034715924,-1.4041992,8.937555
5145141834066,-0.06464344,-0.35793316,9.299079
5145146786316,-0.034715924,0.051475335,9.271546
5145152350191,-0.22625206,-0.41060558,9.970653
5145157535483,-0.22625206,-0.41060558,9.970653
5145161918316,-0.2873042,-1.1300632,9.334992
5145165103899,-0.2873042,-1.1300632,9.334992
5145170103899,0.062249243,-1.5598224,9.554062
5145173617566,0.062249243,-1.5598224,9.554062
5145177684983,0.062249243,-1.5598224,9.554062
5145182263358,0.49679685,-1.6256629,9.758766
5145185330649,0.49679685,-1.6256629,9.758766
5145190330649,0.4357447,-1.2485762,9.700109
5145193900691,0.4357447,-1.2485762,9.700109
5145196893149,0.4357447,-1.2485762,9.700109
5145201893149,0.22625206,-0.80086046,9.704897
5145203740399,0.22625206,-0.80086046,9.704897
5145211802941,0.090979666,-0.45370123,9.665392
5145216421566,0.090979666,-0.45370123,9.665392
5145222872066,0.10175357,-0.1436521,9.634268
5145225831441,0.10175357,-0.1436521,9.634268
5145231109316,0.10414778,-0.008379706,9.61272
5145236560149,0.10414778,-0.008379706,9.61272
5145241560149,0.1412579,0.3184288,9.659407
5145243519733,0.1412579,0.3184288,9.659407
5145251669400,0.1592144,0.46926352,9.64983
5145256905566,0.16639702,0.47884035,9.642648
5145261905566,0.1328782,0.38187516,9.643845
5145264001566,0.1328782,0.38187516,9.643845
5145266829150,0.11611878,0.2777274,9.630676
5145271798983,0.10534488,0.22385786,9.615114
5145276114275,0.10414778,0.21308395,9.61272
5145281937108,0.079008654,0.23104046,9.640253
5145286451066,0.07062895,0.21787235,9.651027
5145291773400,0.09696517,0.19991584,9.66659
5145295881816,0.094570965,0.18315643,9.639056
5145300881816,0.095768064,0.20949265,9.646238
5145303339816,0.095768064,0.20949265,9.646238
5145311540400,0.090979666,0.22266077,9.655815
5145317370983,0.077811554,0.20111294,9.647436
5145321498275,0.09696517,0.20829555,9.654618
5145326308775,0.093373865,0.19273324,9.628283
5145332204358,0.06823475,0.16519992,9.631873
5145337455816,-0.011971008,0.25737667,9.662998
5145341555650,-0.1376666,0.39624038,9.662998
5145346317025,-0.21308395,0.4369418,9.652225
5145352479775,-0.17597382,0.34715924,9.659407
5145357119108,0.016759412,0.16639702,9.648633
5145363274650,0.38187516,-0.025139118,9.633071
5145366082316,0.47285482,-0.25139117,9.423578
5145371186191,0.320823,0.12210429,9.323022
5145376820775,0.2645593,0.4345476,9.578004
5145381332941,0.40342298,0.49679685,10.204087
5145385498025,0.2657564,0.4333505,9.731233
5145390498025,0.25378537,0.3878607,9.713276
5145393122441,0.25378537,0.3878607,9.713276
5145396443400,0.14604631,0.30765492,9.623494
5145402067941,0.14844051,0.31483752,9.536105
5145406104150,0.18674773,0.31603462,9.7563715
5145411074441,0.15322891,0.31483752,9.628283
5145415739650,0.1412579,0.30406362,9.618706
5145421421608,0.14963761,0.29688102,9.667787
5145426235150,0.1340753,0.29328972,9.648633
5145432031900,0.12449849,0.31124622,9.655815
5145437171775,0.11731588,0.31124622,9.655815
5145443647983,0.11731588,0.29807812,9.611523
5145446268483,0.08619126,0.2813187,9.630676
5145452011900,0.09816227,0.25019407,9.647436
5145456570150,0.092176765,0.24660277,9.634268
5145461570150,0.09816227,0.21068975,9.652225
5145464226483,0.09816227,0.21068975,9.652225
5145468271900,0.10175357,0.21188685,9.605537
5145471149608,0.08259996,0.19752164,9.677363
5145476270941,0.08619126,0.18076223,9.657013
5145481369025,0.088585466,0.1592144,9.647436
5145486092233,0.10055647,0.15083471,9.652225
5145490925400,0.089782566,0.12090719,9.623494
5145495925400,0.10055647,0.093373865,9.633071
5145499375108,0.10055647,0.093373865,9.633071
5145506366733,0.110133275,0.093373865,9.625888
5145511705150,0.12689269,0.076614454,9.639056
5145516379233,0.14604631,0.05626374,9.647436
5145521433316,0.15682021,0.045489833,9.637859
5145526319608,0.15083471,0.044292733,9.621099
5145531013483,0.16280572,0.04070143,9.633071
5145537324066,0.16998832,0.047884032,9.646238
5145543441983,0.16639702,0.029927522,9.651027
5145546838691,0.16639702,0.05865794,9.640253
5145551723233,0.16759412,0.045489833,9.617508
5145556738441,0.17238252,0.074220255,9.636662
5145561738441,0.15562311,0.10534488,9.634268
5145563769316,0.15562311,0.10534488,9.634268
5145566672233,0.16998832,0.092176765,9.630676
5145571091400,0.17477672,0.110133275,9.634268
5145577481691,0.17597382,0.11372458,9.627085
5145581707150,0.17717093,0.130484,9.652225
5145585539191,0.15322891,0.1364695,9.671378
5145591334900,0.16759412,0.17836803,9.645041
5145596128025,0.1328782,0.18315643,9.659407
5145601492108,0.15322891,0.20350714,9.64145
5145605602941,0.16280572,0.22744916,9.647436
5145610602941,0.1412579,0.25737667,9.645041
5145612686275,0.1412579,0.25737667,9.645041
5145617236816,0.1376666,0.2717419,9.622296
5145623688150,0.1352724,0.29927522,9.624691
5145630537275,0.1352724,0.32202014,9.691729
5145632328691,0.1352724,0.32202014,9.691729
5145636280566,0.10414778,0.34715924,9.668983
5145641280566,0.09696517,0.34955344,9.667787
5145643136441,0.09696517,0.34955344,9.667787
5145645943275,0.092176765,0.36511576,9.662998
5145652000316,0.089782566,0.37349546,9.637859
5145656283900,0.08738836,0.3866636,9.635465
5145661283900,0.07062895,0.37110126,9.662998
5145663704733,0.07062895,0.37110126,9.662998
5145666776983,0.08619126,0.37349546,9.645041
5145672743400,0.08738836,0.36391866,9.64983
5145676433775,0.08020575,0.37229836,9.653421
5145681433775,0.075417355,0.38307226,9.648633
5145683178275,0.075417355,0.38307226,9.648633
5145689375691,0.08140286,0.36511576,9.66659
5145692625941,0.08140286,0.36511576,9.66659
5145697316816,0.075417355,0.33039984,9.66659
5145701827566,0.06344634,0.33997664,9.653421
5145706320650,0.088585466,0.32800564,9.667787
5145712675525,0.10055647,0.31004912,9.629479
5145716840441,0.10534488,0.31124622,9.634268
5145719832816,0.107739076,0.30286652,9.623494
5145724458025,0.09935937,0.2837129,9.594764
5145729550900,0.1352724,0.25977087,9.589975
5145735669775,0.15322891,0.25139117,9.629479
5145739750316,0.16160862,0.21068975,9.640253
5145744340775,0.16160862,0.21068975,9.640253
5145749659400,0.18914193,0.18195933,9.643845
5145755122358,0.18914193,0.18195933,9.643845
5145759745025,0.18076223,0.19632454,9.637859
5145765116650,0.18076223,0.19632454,9.637859
5145770119066,0.21308395,0.17836803,9.633071
5145775163733,0.21308395,0.17836803,9.633071
5145780163733,0.22146365,0.1412579,9.647436
5145783584275,0.22146365,0.1412579,9.647436
5145790068650,0.22505496,0.1592144,9.628283
5145791576025,0.22505496,0.1592144,9.628283
5145796675650,0.22505496,0.1592144,9.628283
5145801675650,0.22625206,0.14724341,9.652225
5145803511691,0.22625206,0.14724341,9.652225
5145811076858,0.20231004,0.16280572,9.640253
5145816207066,0.20231004,0.16280572,9.640253
5145821996858,0.16639702,0.18674773,9.677363
5145826307275,0.14963761,0.18555063,9.66659
5145831456275,0.1388637,0.19273324,9.634268
5145837106400,0.15083471,0.21188685,9.627085
5145842106400,0.11133038,0.23223756,9.618706
5145844023650,0.11133038,0.23223756,9.618706
5145846920316,0.10295067,0.25139117,9.630676
5145850991233,0.10654198,0.25617957,9.651027
5145857109483,0.089782566,0.2657564,9.65821
5145862109483,0.094570965,0.28491,9.640253
5145863800400,0.094570965,0.28491,9.640253
5145866937191,0.094570965,0.2873042,9.654618
5145872196150,0.10175357,0.29448682,9.654618
5145877231650,0.08259996,0.2873042,9.683349
5145881999483,0.089782566,0.29448682,9.636662
5145885783150,0.08738836,0.32920274,9.609129
5145891151316,0.046686932,0.33279404,9.633071
5145896379733,0.044292733,0.33039984,9.64983
5145902488650,0.07062895,0.32561144,9.67018
5145905918316,0.07062895,0.30885202,9.635465
5145911423150,0.09696517,0.30166942,9.648633
5145917371650,0.09696517,0.2861071,9.64983
5145923320941,0.10055647,0.29688102,9.623494
5145931155108,0.11611878,0.29807812,9.679757
5145936351316,0.12689269,0.272939,9.657013
5145941808608,0.1340753,0.25617957,9.633071
5145945509066,0.1436521,0.24301147,9.64983
5145950509066,0.1352724,0.23104046,9.640253
5145952704442,0.1352724,0.23104046,9.640253
5145956267275,0.1604115,0.21068975,9.652225
5145961267275,0.16998832,0.18674773,9.665392
5145964764608,0.16998832,0.18674773,9.665392
5145967566233,0.19153613,0.16519992,9.674969
5145972543567,0.18555063,0.17597382,9.634268
5145976611317,0.17836803,0.14724341,9.659407
5145981611317,0.19033903,0.1352724,9.637859
5145983440275,0.19033903,0.1352724,9.637859
5145986180733,0.18794483,0.1412579,9.66659
5145991180733,0.18914193,0.12689269,9.65821
5145993515775,0.18914193,0.12689269,9.65821
5145996291025,0.19871874,0.110133275,9.623494
5146001291025,0.18555063,0.11731588,9.633071
5146003173775,0.18555063,0.11731588,9.633071
5146006016067,0.20111294,0.1316811,9.633071
5146011755400,0.16400282,0.12808979,9.657013
5146015893817,0.17238252,0.1388637,9.640253
5146021331067,0.17597382,0.12330139,9.643845
5146025501692,0.16998832,0.142455,9.647436
5146031709025,0.18794483,0.11611878,9.399636
5146036619358,0.91817635,0.35553896,12.23437
5146041619358,-0.7565677,-0.12569559,7.1131735
5146043714233,-0.7565677,-0.12569559,7.1131735
5146048934108,0.760159,0.32920274,11.920731
5146054287150,-0.29209262,0.075417355,7.773973
5146058882483,0.22625206,0.2837129,10.485406
5146063120358,0.088585466,0.25378537,10.240001
5146068818733,-0.04070143,0.24779987,9.442732
5146074242150,-0.094570965,0.21308395,8.76637
5146078904275,0.20590134,0.2873042,9.988609
5146083195608,0.272939,0.2861071,10.540473
5146088839900,0.08738836,0.29807812,9.81503
5146094731317,0.049081136,0.29927522,9.312247
