5139713605439,0.0,0.0010652645,-0.0010652645
5139719059814,0.0,0.0010652645,-0.0010652645
5139723407147,0.0,-0.0010652645,0.0010652645
5139729185647,0.0,0.0,-0.0010652645
5139733982855,0.0,0.0010652645,0.0
5139738928022,0.0010652645,0.0,0.0
5139743564022,0.0010652645,-0.0010652645,-0.002130529
5139749083314,0.0,-0.002130529,0.0
5139753537939,0.0,0.0,0.0
5139759117855,0.0,0.0,0.0
5139763972855,0.002130529,0.0,0.0
5139769354564,0.0010652645,0.0010652645,0.0
5139774242564,0.0010652645,0.0,0.0
5139779363230,0.0,-0.0010652645,0.0
5139783781480,0.0010652645,-0.0010652645,0.0
5139789422897,0.0010652645,-0.002130529,0.0010652645
5139794369564,0.0,-0.002130529,0.002130529
5139799662480,0.0,-0.0010652645,0.002130529
5139803970855,0.002130529,-0.002130529,0.0031957934
5139809413314,0.002130529,-0.002130529,0.002130529
5139813834439,0.0010652645,-0.0010652645,0.002130529
5139819581689,0.0,0.0,0.0010652645
5139824003647,0.0010652645,0.0,0.0010652645
5139829367689,0.0,0.0,0.0010652645
5139834379689,0.0,0.0,0.0010652645
5139839441022,0.0,0.0,0.0010652645
5139844119189,0.0,0.0010652645,0.0010652645
5139849952564,0.0010652645,0.0,0.0
5139854626022,0.0010652645,-0.0010652645,0.0
5139860080855,0.0,-0.0010652645,0.0
5139864012897,0.0,-0.0010652645,0.0
5139869989022,0.0,-0.0010652645,0.0
5139873756814,0.0,-0.0010652645,0.0
5139879481480,0.0,0.0,0.0
5139883724189,0.0,0.0,0.0
5139889394772,0.002130529,-0.0010652645,0.0010652645
5139894172397,0.002130529,-0.0010652645,0.0010652645
5139899713105,0.0010652645,0.0,0.002130529
5139903951522,0.0010652645,0.0,0.002130529
5139909541439,0.0010652645,0.0,0.002130529
5139914521980,0.0010652645,0.0,0.002130529
5139919970647,0.0010652645,0.0,0.004261058
5139923978522,0.0010652645,0.0,0.004261058
5139929987439,0.0010652645,-0.0010652645,0.004261058
5139933896605,0.0010652645,-0.0010652645,0.004261058
5139940054522,-0.0010652645,0.0010652645,0.0
5139944231689,0.0,0.0010652645,0.0031957934
5139949911272,-0.0010652645,0.0,0.002130529
5139954361147,0.0,0.0010652645,0.0010652645
5139959958772,0.0010652645,0.0010652645,-0.0010652645
5139964000605,0.002130529,0.0010652645,0.0
5139969823605,0.0,0.0,0.0010652645
5139974518980,0.0,0.0,0.0
5139980063814,0.0010652645,0.0,0.0
5139983705939,0.0010652645,0.0,0.0
5139989833272,0.002130529,0.0,0.0
5139993362064,0.002130529,0.0,0.0
5139998362064,0.0010652645,0.0,-0.0010652645
5139999920064,0.0010652645,0.0,-0.0010652645
5140003546855,0.0010652645,0.002130529,-0.002130529
5140009895147,0.0010652645,0.0010652645,-0.0010652645
5140014353772,0.0,0.0010652645,0.0010652645
5140020113689,0.0010652645,0.0,0.0010652645
5140023539689,0.002130529,0.0,0.0
5140030039272,0.0010652645,0.0,0.0010652645
5140033990439,0.0010652645,0.0010652645,0.0010652645
5140039997480,0.0010652645,0.0,0.0010652645
5140043827439,0.002130529,0.0,0.0
5140050015980,0.0010652645,0.002130529,0.0031957934
5140053717147,0.0,0.0010652645,0.002130529
5140059778522,0.0,0.0010652645,0.0031957934
5140063580064,-0.0010652645,0.0010652645,0.002130529
5140069921064,0.0,0.0,0.002130529
5140074209564,0.0010652645,0.0,0.0031957934
5140080056939,0.0,0.0010652645,0.0031957934
5140083843855,0.0,0.0,0.0010652645
5140089918772,0.0,0.0010652645,0.0
5140094316772,-0.0010652645,0.002130529,-0.0010652645
5140099855980,-0.0010652645,0.0,0.0010652645
5140103958480,-0.0010652645,0.0,0.0010652645
5140109871105,-0.0010652645,0.0,-0.0010652645
5140113887064,-0.0010652645,0.0,0.0
5140120057397,0.0,0.0,0.0010652645
5140124074355,-0.0010652645,0.0010652645,0.0010652645
5140130018564,-0.0010652645,0.002130529,0.0
5140133879189,0.0,0.0010652645,0.002130529
5140139832939,-0.0010652645,-0.0010652645,0.002130529
5140143816939,0.0,0.0,0.002130529
5140149797355,0.0010652645,0.0,0.002130529
5140154297147,0.0,0.0,0.0
5140159657855,0.0010652645,-0.0010652645,0.002130529
5140163970939,0.0010652645,0.0,0.002130529
5140169547647,0.0,0.0,0.002130529
5140173794272,0.0,0.0010652645,0.0031957934
5140179430105,-0.0010652645,0.0010652645,0.002130529
5140184183897,0.0,0.0010652645,0.0
5140189719147,0.0,0.0010652645,0.0
5140194289064,0.0,0.0010652645,0.002130529
5140199439980,0.0010652645,0.0010652645,0.0
5140204594730,0.0010652645,0.0010652645,0.0010652645
5140210174980,0.0,0.0010652645,0.002130529
5140216266855,0.002130529,0.0,0.002130529
5140220805564,0.0010652645,0.002130529,0.002130529
5140225345397,0.0010652645,0.002130529,0.002130529
5140230403064,0.0010652645,0.002130529,0.0
5140234292147,0.0010652645,0.002130529,0.0
5140239292147,0.0,0.002130529,-0.0010652645
5140241664855,0.0,0.002130529,-0.0010652645
5140245839355,0.0,0.0010652645,-0.0010652645
5140250322689,-0.0010652645,0.002130529,0.0
5140255667439,0.0,0.0010652645,0.0
5140261639230,0.0010652645,0.002130529,-0.0010652645
5140265379855,0.0,0.0010652645,0.0
5140271363522,0.0010652645,0.002130529,0.0
5140275763980,0.0,0.0031957934,0.0010652645
5140281670605,0.0,0.0010652645,0.002130529
5140285226564,0.0,0.0,0.004261058
5140290580689,0.0,0.0010652645,0.0063915867
5140295475689,0.0,0.0010652645,0.004261058
5140300475689,0.0,0.002130529,0.0053263223
5140303128939,0.0,0.002130529,0.0053263223
5140305993564,0.0010652645,0.002130529,0.0063915867
5140311146397,0.0,0.002130529,0.007456851
5140315764439,0.0,0.0010652645,0.007456851
5140320764439,0.0010652645,0.0,0.0063915867
5140323805105,0.0010652645,0.0,0.0063915867
5140330283897,0.0,0.0010652645,0.004261058
5140332517189,0.0,0.0010652645,0.004261058
5140337283897,0.0,0.0010652645,0.002130529
5140343197439,0.0010652645,0.0010652645,0.002130529
5140347115605,0.0,0.0,0.0010652645
5140352660855,0.0010652645,0.0,0.0
5140356686356,0.002130529,0.0,0.0
5140361686356,0.0010652645,0.0,-0.0010652645
5140363388189,0.0010652645,0.0,-0.0010652645
5140366769897,0.002130529,-0.0010652645,-0.0031957934
5140372604564,0.0010652645,-0.0010652645,-0.002130529
5140377191731,0.0010652645,-0.002130529,-0.002130529
5140382191731,0.0010652645,-0.002130529,-0.0010652645
5140383878772,0.0010652645,-0.002130529,-0.0010652645
5140391597356,0.002130529,-0.0010652645,-0.0010652645
5140396088772,0.002130529,-0.004261058,0.0
5140401078689,0.0010652645,-0.0031957934,0.0010652645
5140405481772,0.0010652645,-0.0010652645,0.0
5140411348897,0.002130529,-0.002130529,0.0
5140415265606,0.002130529,-0.0031957934,0.0010652645
5140421438856,0.0010652645,-0.0031957934,-0.0010652645
5140426475731,0.002130529,-0.0031957934,-0.0010652645
5140430876856,0.002130529,-0.004261058,0.0
5140436121814,0.0031957934,-0.004261058,0.0010652645
5140441223981,0.002130529,-0.004261058,0.0031957934
5140445469272,0.0031957934,-0.0053263223,0.002130529
5140450469272,-0.0010652645,-0.004261058,0.0031957934
5140452342397,-0.0010652645,-0.004261058,0.0031957934
5140457086731,0.0,-0.0053263223,0.002130529
5140461407606,0.0010652645,-0.0063915867,0.0010652645
5140465366022,0.0010652645,-0.0063915867,0.0010652645
5140471433606,0.0010652645,-0.004261058,-0.002130529
5140476237647,0.0010652645,-0.004261058,-0.002130529
5140481237647,0.0010652645,-0.0053263223,-0.08841695
5140483862731,0.0010652645,-0.0053263223,-0.08841695
5140490835856,0.0,-0.007456851,-0.2428803
5140492697022,0.0,-0.007456851,-0.2428803
5140496941606,0.0,-0.007456851,-0.2428803
5140503160564,0.004261058,-0.008522116,-0.29294774
5140506144731,0.004261058,-0.008522116,-0.29294774
5140511028231,0.0031957934,-0.013848438,-0.25353295
5140517312106,0.0031957934,-0.013848438,-0.25353295
5140521971689,0.002130529,-0.0053263223,-0.16724652
5140526626439,0.002130529,-0.0053263223,-0.16724652
5140531782314,0.0063915867,-0.0063915867,-0.084155895
5140536421647,0.0063915867,-0.0063915867,-0.084155895
5140541421647,0.0053263223,0.0010652645,-0.025566347
5140543354731,0.0053263223,0.0010652645,-0.025566347
5140551097731,0.0031957934,-0.0010652645,0.029827405
5140556097731,0.11717909,0.014913702,0.060720075
5140558020272,0.11717909,0.014913702,0.060720075
5140563537856,0.06178534,-0.004261058,0.07137272
5140569872272,0.01917476,0.008522116,0.068176925
5140571436522,0.01917476,0.008522116,0.068176925
5140576771397,0.013848438,0.002130529,0.060720075
5140582498897,0.0053263223,0.00958738,0.06391586
5140585904814,0.0063915867,0.0053263223,0.07989483
5140591098981,0.0031957934,-0.013848438,0.101200126
5140597288981,0.007456851,0.004261058,0.13422333
5140602288981,0.00958738,0.014913702,0.14913702
5140604366856,0.00958738,0.014913702,0.14913702
5140611505772,0.0031957934,0.002130529,0.15020229
5140617281731,0.0031957934,-0.002130529,0.1555286
5140623360314,-0.002130529,0.0010652645,0.18002969
5140630063564,0.011717909,0.013848438,0.23116238
5140635586022,0.010652645,0.0010652645,0.23329292
5140639850397,0.007456851,0.008522116,0.21518342
5140645019647,0.0031957934,0.008522116,0.19068234
5140650873772,0.002130529,0.004261058,0.165116
5140654556647,-0.0010652645,0.0063915867,0.13741912
5140659923439,0.0,0.013848438,0.1107875
5140664923439,0.004261058,0.007456851,0.094808534
5140666813064,0.004261058,0.007456851,0.094808534
5140671533856,0.008522116,0.007456851,0.094808534
5140676957314,0.0053263223,0.0031957934,0.10652645
5140681552356,0.002130529,0.013848438,0.13315806
5140685870564,0.0,0.011717909,0.15978967
5140691228189,0.0,0.0031957934,0.165116
5140696940272,0.004261058,0.008522116,0.1438107
5140701940272,0.004261058,0.0053263223,0.10546118
5140703511147,0.004261058,0.0053263223,0.10546118
5140711372522,0.008522116,0.0031957934,0.008522116
5140716263897,0.004261058,0.004261058,-0.024501082
5140722279439,0.002130529,0.004261058,-0.0479369
5140726836064,-0.002130529,0.011717909,-0.05752428
5140732780231,0.002130529,0.008522116,-0.07137272
5140736530897,0.010652645,-0.011717909,-0.083090626
5140741530897,0.0127831735,0.007456851,-0.08522116
5140744786106,0.0127831735,0.007456851,-0.08522116
5140747314272,0.013848438,-0.007456851,-0.07669904
5140753373397,0.0,-0.034088463,-0.039414786
5140756950772,0.0,0.022370555,-0.004261058
5140761975106,0.010652645,0.013848438,0.004261058
5140765196939,0.010652645,0.002130529,0.0031957934
5140771176772,0.00958738,0.0063915867,0.010652645
5140776159981,0.010652645,0.0,0.026631612
5140782155022,0.0063915867,0.0053263223,0.043675844
5140786278897,0.0053263223,0.004261058,0.054328486
5140792302564,0.007456851,0.0063915867,0.043675844
5140797067814,0.015978966,0.0031957934,0.022370555
5140802247022,0.0053263223,0.0053263223,-0.007456851
5140806844897,0.007456851,0.0031957934,-0.041545313
5140811339356,0.015978966,0.0,-0.06498113
5140817356397,0.0063915867,0.002130529,-0.068176925
5140823742856,0.0127831735,0.0,-0.05006743
5140826907606,0.014913702,-0.002130529,-0.027696876
5140831067064,0.018109497,-0.0010652645,-0.00958738
5140837160606,0.010652645,-0.002130529,0.007456851
5140841925856,0.0010652645,0.007456851,0.02130529
5140846799939,0.007456851,0.004261058,0.0063915867
5140852365856,0.0063915867,0.0063915867,-0.023435818
5140857583064,0.007456851,0.00958738,-0.05006743
5140861918522,0.007456851,0.015978966,-0.083090626
5140866033689,0.0,0.0063915867,-0.112918034
5140871729606,0.0,0.0,-0.13209279
5140876927106,0.0031957934,0.0,-0.14168017
5140881712439,-0.00958738,0.00958738,-0.1470065
5140884989272,0.002130529,-0.010652645,-0.15020229
5140889989272,-0.03089267,-0.10865697,-0.13528858
5140891638897,-0.03089267,-0.10865697,-0.13528858
5140896378731,-0.03089267,-0.0479369,-0.099069595
5140901378731,-0.026631612,-0.08522116,-0.08628642
5140904036772,-0.026631612,-0.08522116,-0.08628642
5140911326772,0.0,-0.03834952,-0.083090626
5140916322689,0.014913702,0.02130529,-0.068176925
5140921322689,0.0127831735,-0.007456851,-0.0479369
5140923983439,0.0127831735,-0.007456851,-0.0479369
5140926949689,0.013848438,-0.013848438,-0.018109497
5140933344314,-0.0010652645,0.033023197,0.0031957934
5140937125522,0.002130529,-0.07137272,0.010652645
5140942125522,0.0127831735,0.022370555,0.010652645
5140944032564,0.0127831735,0.022370555,0.010652645
5140947015939,0.004261058,0.05219796,-0.013848438
5140952183106,0.007456851,-0.00958738,-0.05219796
5140955804022,0.015978966,-0.013848438,-0.07563378
5140962153689,0.0010652645,-0.020240024,-0.0777643
5140965170522,0.0010652645,0.05752428,-0.05965481
5140971461897,0.015978966,-0.049002163,-0.0479369
5140976476106,0.0127831735,-0.008522116,-0.01917476
5140981953272,0.00958738,0.014913702,0.0053263223
5140985826689,0.0,0.014913702,0.025566347
5140990913314,0.002130529,0.01917476,0.034088463
5140996699939,0.0127831735,-0.04261058,0.037284255
5141002912189,0.011717909,-0.013848438,0.05219796
5141006771689,-0.0010652645,0.008522116,0.06391586
5141011748856,0.010652645,-0.0053263223,0.068176925
5141017377356,0.0,0.018109497,0.07243799
5141023510314,0.008522116,0.002130529,0.0628506
5141032342106,0.0127831735,0.03195793,0.0479369
5141036313106,0.0127831735,0.033023197,0.03089267
5141041966981,0.01917476,-0.0479369,0.00958738
5141045521439,0.002130529,-0.018109497,0.007456851
5141050521439,0.017044231,0.024501082,0.011717909
5141052759272,0.017044231,0.024501082,0.011717909
5141057597148,0.017044231,0.024501082,0.011717909
5141062592648,0.0,-0.004261058,0.00958738
5141066817648,0.0,-0.004261058,0.00958738
5141071345939,0.13102753,0.066046394,-0.0010652645
5141075549523,0.13102753,0.066046394,-0.0010652645
5141081049148,0.017044231,-0.0063915867,-0.07243799
5141085683023,0.017044231,-0.0063915867,-0.07243799
5141091178689,0.011717909,-0.0063915867,-0.09054748
5141097386064,0.011717909,-0.0063915867,-0.09054748
5141101129523,0.017044231,0.041545313,-0.05539375
5141105726898,0.017044231,0.041545313,-0.05539375
5141111127356,0.0031957934,0.0,-0.040480047
5141116751439,0.0031957934,0.0,-0.040480047
5141122368273,0.0010652645,-0.004261058,-0.070307456
5141126862689,0.0010652645,-0.004261058,-0.070307456
5141131229731,0.018109497,0.002130529,-0.07137272
5141136434314,-0.008522116,-0.011717909,-0.05539375
5141141434314,0.0,-0.0127831735,-0.04261058
5141143606481,0.0,-0.0127831735,-0.04261058
5141151032189,0.013848438,0.007456851,-0.051132694
5141152606814,0.013848438,0.007456851,-0.051132694
5141157103648,-0.0010652645,0.0063915867,-0.0628506
5141162103648,0.010652645,-0.010652645,-0.066046394
5141163757273,0.010652645,-0.010652645,-0.066046394
5141170837773,-0.07989483,-0.020240024,-0.05965481
5141175837773,-0.023435818,0.002130529,-0.04580637
5141179559981,-0.023435818,0.002130529,-0.04580637
5141183659648,0.0063915867,0.013848438,-0.04261058
5141191925939,-0.00958738,-0.014913702,-0.051132694
5141196106773,0.0031957934,-0.008522116,-0.039414786
5141202036439,0.004261058,-0.0010652645,-0.024501082
5141206529481,0.00958738,-0.008522116,-0.02130529
5141211097689,0.0127831735,0.011717909,-0.02876214
5141217081648,0.0053263223,0.020240024,-0.043675844
5141222567814,-0.0031957934,0.0063915867,-0.060720075
5141226736273,-0.002130529,0.004261058,-0.06711166
5141231727273,0.0031957934,0.007456851,-0.058589544
5141237183981,0.004261058,0.027696876,-0.04474111
5141243154023,0.008522116,-0.025566347,-0.03195793
5141246358648,0.007456851,0.0,-0.013848438
5141252160606,0.004261058,0.0010652645,0.008522116
5141257491148,0.0010652645,0.015978966,0.027696876
5141261472731,0.002130529,0.0,0.033023197
5141266772481,0.00958738,0.039414786,0.01917476
5141271148689,0.02130529,0.026631612,-0.008522116
5141277234106,0.011717909,0.011717909,-0.03089267
5141282234106,0.0053263223,-0.004261058,-0.043675844
5141283764648,0.0053263223,-0.004261058,-0.043675844
5141287874898,0.002130529,-0.033023197,-0.0479369
5141293512023,0.00958738,0.004261058,-0.029827405
5141296751856,0.007456851,0.00958738,-0.007456851
5141303157189,0.002130529,0.00958738,0.017044231
5141305917481,0.0,0.018109497,0.03195793
5141311088439,0.004261058,0.004261058,0.035153728
5141316615273,0.0053263223,0.011717909,0.027696876
5141321458273,0.002130529,0.01917476,0.00958738
5141326094189,0.0,0.022370555,-0.007456851
5141331094189,0.004261058,-0.002130529,-0.020240024
5141332684773,0.004261058,-0.002130529,-0.020240024
5141336402064,0.007456851,-0.02130529,-0.018109497
5141341402064,-0.0010652645,-0.025566347,0.002130529
5141343919189,-0.0010652645,-0.025566347,0.002130529
5141346508273,0.00958738,0.010652645,0.018109497
5141352799731,0.0053263223,0.018109497,0.027696876
5141357111523,-0.0031957934,-0.0053263223,0.034088463
5141362111523,0.0010652645,0.0127831735,0.034088463
5141363950398,0.0010652645,0.0127831735,0.034088463
5141366950523,0.004261058,-0.029827405,0.034088463
5141372506689,0.00958738,0.0053263223,0.041545313
5141377083023,0.0010652645,-0.0063915867,0.034088463
5141381553564,0.0063915867,0.0010652645,0.027696876
5141385928064,0.007456851,-0.002130529,0.0127831735
5141391225148,0.0063915867,0.040480047,-0.008522116
5141396034023,0.0,0.013848438,-0.037284255
5141401034023,0.00958738,0.0063915867,-0.058589544
5141403406023,0.00958738,0.0063915867,-0.058589544
5141411672731,0.007456851,0.00958738,-0.06178534
5141417551189,0.004261058,-0.010652645,-0.051132694
5141423722106,0.0053263223,0.00958738,-0.040480047
5141427110023,-0.004261058,-0.025566347,-0.04580637
5141432887856,-0.0063915867,-0.026631612,-0.06178534
5141438293564,-0.020240024,0.010652645,-0.08628642
5141444052231,-0.01917476,0.010652645,-0.11611383
5141446843981,-0.01917476,-0.008522116,-0.13848437
5141452245231,-0.018109497,-0.018109497,-0.1587244
5141456554314,-0.017044231,0.0,-0.1768339
5141461554314,-0.015978966,-0.010652645,-0.18535602
5141463459481,-0.015978966,-0.010652645,-0.18535602
5141471130689,-0.01917476,0.024501082,-0.165116
5141476581689,0.0,0.033023197,-0.1470065
5141482502773,0.0127831735,0.0127831735,-0.13102753
5141486492814,0.013848438,-0.034088463,-0.096939065
5141490914314,0.0063915867,0.007456851,-0.029827405
5141495567939,0.0031957934,0.04580637,0.03195793
5141500567939,0.0053263223,0.041545313,0.07350325
5141502708314,0.0053263223,0.041545313,0.07350325
5141505611564,0.0031957934,0.011717909,0.09267801
5141510899148,0.0,0.020240024,0.098004326
5141516056064,-0.0010652645,-0.0031957934,0.08628642
5141521040148,0.0063915867,-0.007456851,0.06391586
5141526135814,0.0010652645,0.011717909,0.040480047
5141531657356,0.008522116,-0.002130529,0.017044231
5141536687564,0.0127831735,-0.033023197,-0.004261058
5141542727939,0.004261058,0.004261058,-0.03089267
5141545618856,0.0053263223,0.018109497,-0.056459017
5141550618856,0.007456851,0.022370555,-0.083090626
5141552282606,0.007456851,0.022370555,-0.083090626
5141556520231,0.0063915867,0.00958738,-0.098004326
5141560858064,0.004261058,0.007456851,-0.10013486
5141565982564,0.004261058,0.0031957934,-0.096939065
5141572080606,0.004261058,0.0053263223,-0.08948222
5141577345814,0.0010652645,-0.007456851,-0.07137272
5141583585023,0.004261058,0.0,-0.041545313
5141589549523,0.007456851,0.023435818,-0.017044231
5141592304023,0.007456851,0.023435818,-0.017044231
5141596626189,0.007456851,0.025566347,-0.00958738
5141601987398,0.007456851,0.020240024,0.002130529
5141605581898,0.00958738,0.054328486,0.011717909
5141611540981,0.011717909,0.05965481,0.013848438
5141616101231,0.025566347,0.0958738,0.018109497
5141621101231,0.035153728,0.15233281,0.01917476
5141623772273,0.035153728,0.15233281,0.01917476
5141629704273,0.036218993,0.13635385,0.01917476
5141634987231,0.026631612,-0.043675844,0.02130529
5141639611106,0.011717909,-0.09161274,0.09054748
5141644357564,0.011717909,-0.09161274,0.09054748
5141650000398,0.00958738,-0.017044231,0.05752428
5141655733981,0.00958738,-0.017044231,0.05752428
5141660101981,-0.0010652645,0.014913702,0.0031957934
5141663652356,-0.0010652645,0.014913702,0.0031957934
5141669559481,0.0,0.0127831735,-0.015978966
5141674844606,0.0,0.0127831735,-0.015978966
5141679770314,0.0063915867,0.0010652645,-0.025566347
5141685080773,0.0063915867,0.0010652645,-0.025566347
5141690194773,0.008522116,-0.002130529,-0.05965481
5141695194773,0.008522116,-0.002130529,-0.05965481
5141696773564,0.008522116,-0.002130529,-0.05965481
5141702660189,-0.0010652645,0.0010652645,-0.096939065
5141707010481,-0.0010652645,0.0010652645,-0.096939065
5141711570064,0.007456851,0.008522116,-0.101200126
5141717107731,0.007456851,0.008522116,-0.101200126
5141722624856,0.056459017,-0.06711166,0.1107875
5141726852523,0.034088463,-0.008522116,0.0958738
5141731691898,0.02130529,0.017044231,0.014913702
5141737549356,0.008522116,0.013848438,-0.04474111
5141741460814,0.018109497,0.018109497,-0.049002163
5141746267273,0.0127831735,0.033023197,-0.015978966
5141751352439,0.007456851,0.00958738,0.03089267
5141756626981,0.004261058,0.010652645,0.06924219
5141762873440,0.0031957934,0.022370555,0.080960095
5141765849606,0.0010652645,0.002130529,0.066046394
5141770704273,0.0031957934,-0.0010652645,0.034088463
5141775704273,0.004261058,0.010652645,0.002130529
5141779317231,0.004261058,0.010652645,0.002130529
5141784141273,0.0053263223,-0.011717909,-0.011717909
5141792442523,0.0010652645,0.002130529,-0.007456851
5141796041856,0.0010652645,-0.0031957934,-0.015978966
5141801041856,0.0031957934,-0.004261058,-0.023435818
5141804068773,0.0031957934,-0.004261058,-0.023435818
5141807300648,0.0031957934,0.0,-0.02876214
5141811907523,0.0031957934,0.002130529,-0.03834952
5141817385481,0.002130529,0.017044231,-0.05539375
5141822385481,0.0010652645,0.013848438,-0.06711166
5141824331981,0.0010652645,0.013848438,-0.06711166
5141827641940,0.002130529,0.0053263223,-0.07243799
5141833009815,0.002130529,-0.002130529,-0.083090626
5141837006981,0.0031957934,-0.0053263223,-0.09054748
5141840973815,0.002130529,0.0010652645,-0.07669904
5141846326690,0.002130529,0.015978966,-0.056459017
5141852166773,0.0,0.02130529,-0.043675844
5141856495565,0.002130529,0.01917476,-0.040480047
5141861495565,0.002130529,0.010652645,-0.041545313
5141863217815,0.002130529,0.010652645,-0.041545313
5141870805815,0.0,0.007456851,-0.035153728
5141876499356,0.002130529,-0.0010652645,-0.034088463
5141882964773,0.004261058,-0.0031957934,-0.029827405
5141885804690,0.0031957934,-0.004261058,-0.024501082
5141891508690,0.0031957934,-0.0063915867,-0.022370555
5141897315148,0.002130529,-0.0010652645,-0.018109497
5141902048190,0.002130529,-0.002130529,-0.010652645
5141906743606,0.0010652645,0.002130529,-0.010652645
5141912228856,0.0010652645,0.0010652645,-0.013848438
5141916491106,-0.0010652645,0.002130529,-0.015978966
5141921597940,-0.0010652645,-0.007456851,-0.004261058
5141926371648,0.002130529,-0.020240024,0.033023197
5141932754190,0.0031957934,-0.01917476,0.040480047
5141936608356,0.0010652645,-0.0063915867,0.03089267
5141941943356,0.0010652645,-0.002130529,0.024501082
5141946111065,0.0010652645,0.0010652645,0.02130529
5141951568690,0.0010652645,0.0031957934,0.018109497
5141956893065,0.0010652645,0.0063915867,0.013848438
5141963275981,-0.0010652645,0.007456851,0.00958738
5141966451856,-0.0010652645,0.010652645,0.0031957934
5141972260898,0.0,0.010652645,-0.0010652645
5141977520523,0.0010652645,0.010652645,-0.0031957934
5141983242648,0.0010652645,0.00958738,-0.0031957934
5141987467315,0.0010652645,0.010652645,-0.0031957934
5141992355398,0.0010652645,0.00958738,-0.002130529
5141997230981,0.0,0.008522116,0.0
5142001764898,0.0,0.007456851,0.0010652645
5142005138273,0.0010652645,0.0063915867,0.0010652645
5142011203315,0.0031957934,0.007456851,0.0010652645
5142017155773,0.0010652645,0.008522116,0.002130529
5142022155773,0.0,0.00958738,0.0010652645
5142023943023,0.0,0.00958738,0.0010652645
5142029980606,0.0010652645,0.011717909,0.002130529
5142032668148,0.0010652645,0.011717909,0.002130529
5142036246648,0.0010652645,0.010652645,0.002130529
5142041246648,0.0010652645,0.011717909,0.0031957934
5142043672648,0.0010652645,0.011717909,0.0031957934
5142046420731,0.0010652645,0.010652645,0.004261058
5142051974481,0.0010652645,0.008522116,0.010652645
5142057347648,0.0010652645,0.0063915867,0.014913702
5142062024065,0.0,0.004261058,0.025566347
5142065317648,0.0,-0.0010652645,0.036218993
5142070317648,0.0,-0.002130529,0.041545313
5142072719523,0.0,-0.002130529,0.041545313
5142076986481,0.0010652645,-0.002130529,0.04474111
5142081986481,0.0010652645,-0.002130529,0.04474111
5142083701106,0.0010652645,-0.002130529,0.04474111
5142091665773,0.002130529,-0.002130529,0.09161274
5142096507731,0.002130529,0.0,0.1438107
5142102104565,-0.0010652645,-0.0053263223,0.18322548
5142104987148,0.0,-0.0053263223,0.2066613
5142111026065,0.0,-0.002130529,0.22050974
5142116663731,0.0,0.004261058,0.2396845
5142122220148,0.0,0.007456851,0.26205507
5142127365940,-0.0010652645,0.007456851,0.29188246
5142131726690,-0.0010652645,0.004261058,0.3206446
5142137195023,-0.0010652645,0.0031957934,0.34621096
5142142195023,0.0010652645,0.004261058,0.36325517
5142143732106,0.0010652645,0.004261058,0.36325517
5142150575565,-0.0010652645,0.0063915867,0.4165184
5142153696356,-0.0010652645,0.0063915867,0.4165184
5142159881731,-0.0010652645,0.00958738,0.44847634
5142163388606,0.0,0.010652645,0.49321744
5142166389315,0.0,0.013848438,0.5486112
5142171360523,0.0,0.011717909,0.6114618
5142176953898,-0.0010652645,0.007456851,0.6828345
5142183255981,-0.0010652645,0.0063915867,0.76272935
5142191635565,0.0010652645,0.027696876,0.9150622
5142197079190,0.0010652645,0.035153728,0.9683254
5142203096856,0.0,0.07669904,1.0418286
5142206441356,-0.0031957934,0.10972224,1.1377025
5142211421648,0.0,0.083090626,1.2303804
5142217509815,0.0,0.05965481,1.3411679
5142223171398,0.002130529,0.04474111,1.4413028
5142225797023,0.0031957934,0.043675844,1.5275892
5142230797023,0.0010652645,0.05539375,1.6202673
5142232362606,0.0010652645,0.05539375,1.6202673
5142236130440,-0.0010652645,0.05965481,1.7054884
5142241159148,-0.002130529,0.022370555,1.856756
5142244837315,-0.002130529,0.022370555,1.856756
5142249837315,-0.002130529,0.011717909,1.9110844
5142252455606,-0.002130529,0.011717909,1.9110844
5142257675898,-0.002130529,0.011717909,1.9110844
5142262043023,-0.008522116,0.03834952,1.8631475
5142265644648,-0.008522116,0.03834952,1.8631475
5142272144148,-0.010652645,0.04261058,1.8311896
5142275782106,-0.010652645,0.04261058,1.8311896
5142281589731,-0.008522116,0.033023197,1.8663434
5142285998565,-0.008522116,0.033023197,1.8663434
5142290904606,-0.011717909,0.034088463,1.9504992
5142295905648,-0.011717909,0.034088463,1.9504992
5142300905648,-0.011717909,0.039414786,2.0708742
5142303092606,-0.011717909,0.039414786,2.0708742
5142305799440,-0.011717909,0.039414786,2.0708742
5142311154523,-0.008522116,0.020240024,2.2370553
5142317526606,-0.008522116,0.020240024,2.2370553
5142323930606,-0.008522116,0.02876214,2.2988408
5142326733565,-0.00958738,0.029827405,2.3031018
5142331733565,-0.0127831735,0.040480047,2.3180156
5142333426856,-0.0127831735,0.040480047,2.3180156
5142337698773,-0.011717909,0.036218993,2.347843
5142341996940,-0.013848438,0.05006743,2.3616912
5142345700815,-0.013848438,0.046871636,2.3734093
5142350700815,-0.010652645,0.03195793,2.3829966
5142352667565,-0.010652645,0.03195793,2.3829966
5142356376773,-0.0063915867,0.00958738,2.3702135
5142360849106,-0.008522116,0.026631612,2.3318639
5142365507731,-0.0010652645,-0.02130529,2.2817965
5142371914898,0.0063915867,-0.037284255,2.2264028
5142376954190,0.022370555,-0.08522116,2.1805964
5142381183815,0.010652645,-0.040480047,2.159291
5142385609023,-0.002130529,0.013848438,2.159291
5142391755648,-0.004261058,0.027696876,2.167813
5142396313106,-0.0063915867,0.034088463,2.1805964
5142401465190,-0.007456851,0.037284255,2.194445
5142406041731,-0.008522116,0.036218993,2.2082932
5142411697231,-0.007456851,0.036218993,2.2295985
5142416452731,-0.007456851,0.03834952,2.2626216
5142421506523,-0.007456851,0.03834952,2.2903185
5142425032773,-0.008522116,0.036218993,2.312689
5142430032773,-0.0063915867,0.035153728,2.3350596
5142432313606,-0.0063915867,0.035153728,2.3350596
5142436559440,-0.0053263223,0.034088463,2.356365
5142442424273,-0.00958738,0.033023197,2.3574302
5142445234273,-0.010652645,0.03195793,2.3339944
5142450234273,-0.010652645,0.03089267,2.2945797
5142452449356,-0.010652645,0.03089267,2.2945797
5142457095482,-0.010652645,0.03089267,2.2530344
5142461226690,-0.010652645,0.03195793,2.2146847
5142466353940,-0.017044231,0.008522116,2.1571605
5142471075148,-0.036218993,-0.0628506,2.066613
5142477133607,-0.034088463,-0.08522116,1.9345202
5142482823690,-0.023435818,-0.041545313,1.8418423
5142485920273,-0.017044231,-0.020240024,1.7971011
5142491494315,-0.011717909,-0.004261058,1.7821875
5142496798107,-0.0063915867,-0.0031957934,1.784318
5142503118357,-0.0031957934,0.0127831735,1.7917749
5142505712607,-0.0010652645,0.013848438,1.8024274
5142510979607,-0.0010652645,0.015978966,1.7949706
5142517211982,-0.002130529,0.017044231,1.7630126
5142523297107,-0.0031957934,0.01917476,1.6948358
5142526078690,-0.0031957934,0.017044231,1.5936357
5142530949482,-0.0031957934,0.01917476,1.4849787
5142536447107,-0.0031957934,0.017044231,1.3923006
5142541447107,-0.002130529,0.017044231,1.3230585
5142543792398,-0.002130529,0.017044231,1.3230585
5142547063648,-0.0010652645,0.015978966,1.2783173
5142552598773,-0.0031957934,0.015978966,1.2442288
5142556554148,-0.0010652645,0.015978966,1.2175972
5142561554148,0.0,0.018109497,1.2058793
5142563828148,0.0,0.018109497,1.2058793
5142567181065,-0.0010652645,0.018109497,1.2144015
5142572266773,-0.0010652645,0.02130529,1.2325109
5142576479982,0.0010652645,0.020240024,1.2602079
5142582338607,-0.0010652645,0.01917476,1.2879047
5142589737023,-0.0031957934,0.020240024,1.3347764
5142591723273,-0.0031957934,0.020240024,1.3347764
5142596411065,-0.004261058,0.020240024,1.3315805
5142601818607,-0.004261058,0.018109497,1.3124058
5142606203398,-0.002130529,0.018109497,1.2719258
5142611393398,-0.0010652645,0.014913702,1.2389026
5142616393398,-0.002130529,0.013848438,1.2261194
5142619399773,-0.002130529,0.013848438,1.2261194
5142624238107,-0.0010652645,0.011717909,1.2378373
5142628070523,-0.0031957934,0.013848438,1.252751
5142631974857,-0.0010652645,0.015978966,1.2634037
5142635582732,-0.002130529,0.014913702,1.2751216
5142640582732,-0.004261058,0.015978966,1.2921658
5142644568357,-0.004261058,0.015978966,1.2921658
5142650662732,-0.0031957934,0.02130529,1.3145363
5142655662732,-0.0053263223,0.024501082,1.3177321
5142657568523,-0.0053263223,0.024501082,1.3177321
5142662426357,-0.004261058,0.024501082,1.320928
5142665161148,-0.0031957934,0.023435818,1.3241237
5142670326232,-0.0031957934,0.023435818,1.320928
5142674877690,-0.002130529,0.023435818,1.3156016
5142679515023,-0.002130529,0.025566347,1.3124058
5142683629107,-0.0031957934,0.027696876,1.3092101
5142690086148,-0.002130529,0.03195793,1.3134711
5142694504398,-0.002130529,0.03089267,1.3411679
5142699504398,-0.004261058,0.033023197,1.381648
5142701120315,-0.004261058,0.033023197,1.381648
5142703936607,-0.0010652645,0.027696876,1.4125407
5142709874690,-0.0010652645,0.029827405,1.4274544
5142715074523,-0.002130529,0.041545313,1.4263891
5142720323398,0.0,0.04261058,1.4082797
5142725323398,-0.002130529,0.05539375,1.3752564
5142727524690,-0.002130529,0.05539375,1.3752564
5142731558898,0.002130529,0.05539375,1.32945
5142736839232,-0.0031957934,0.05752428,1.2751216
5142742049982,-0.004261058,0.054328486,1.2175972
5142746646190,-0.0031957934,0.049002163,1.1558119
5142752648940,-0.0053263223,0.05219796,1.087635
5142757448273,-0.004261058,0.0479369,1.0247844
5142763217232,-0.0010652645,0.023435818,0.9832391
5142769855398,0.0010652645,0.017044231,0.95128113
5142772550565,0.0010652645,0.017044231,0.95128113
5142776286315,-0.0010652645,0.018109497,0.95234644
5142781286315,-0.0010652645,0.020240024,0.95128113
5142783504732,-0.0010652645,0.020240024,0.95128113
5142789786773,-0.002130529,0.023435818,0.92038846
5142791649232,-0.002130529,0.023435818,0.92038846
5142796773232,-0.002130529,0.03195793,0.8841695
5142801803732,-0.002130529,0.035153728,0.8404937
5142806358232,-0.0010652645,0.033023197,0.7946873
5142812103482,-0.0010652645,0.03195793,0.7637946
5142817465565,0.0010652645,0.03195793,0.7499462
5142821743357,0.0,0.026631612,0.74675035
5142826595940,0.0,0.026631612,0.74675035
5142831230648,0.0010652645,0.03195793,0.7307714
5142836217065,0.0010652645,0.03195793,0.7307714
5142841217065,-0.0010652645,0.07350325,0.6593987
5142843449398,-0.0010652645,0.07350325,0.6593987
5142848983773,-0.002130529,0.06178534,0.51026165
5142852548065,-0.002130529,0.06178534,0.51026165
5142856921315,-0.002130529,0.06178534,0.51026165
5142861921315,-0.002130529,0.014913702,0.2876214
5142863683023,-0.002130529,0.014913702,0.2876214
5142871371690,0.0010652645,0.008522116,0.10972224
5142877100565,0.0010652645,0.008522116,0.10972224
5142881572398,0.0010652645,0.0063915867,0.041545313
5142884815148,0.0010652645,0.0063915867,0.041545313
5142889815148,0.0010652645,0.004261058,0.015978966
5142891412607,0.0010652645,0.004261058,0.015978966
5142897456023,0.0010652645,0.004261058,0.015978966
5142902456023,0.0,0.0,0.004261058
5142904046482,0.0,0.0,0.004261058
5142906899190,0.0,0.0,0.004261058
5142911638523,0.0,-0.004261058,0.002130529
5142917141565,0.0010652645,-0.0063915867,0.0
5142922141565,0.0010652645,-0.010652645,-0.0010652645
5142924138940,0.0010652645,-0.010652645,-0.0010652645
5142926979565,0.0010652645,-0.011717909,-0.0010652645
5142931218898,0.0010652645,-0.015978966,-0.007456851
5142936532982,0.0,-0.017044231,-0.020240024
5142942020148,0.0,-0.03195793,-0.027696876
5142946786148,0.0,-0.037284255,-0.03089267
5142952556607,0.0,-0.035153728,-0.035153728
5142956957773,0.0,-0.035153728,-0.043675844
5142961737023,0.0010652645,-0.03195793,-0.051132694
5142966872898,0.0,-0.03089267,-0.058589544
5142972635857,0.0,-0.025566347,-0.070307456
5142977161565,0.0,-0.015978966,-0.07882957
5142983452815,-0.0010652645,-0.007456851,-0.07989483
5142986100732,-0.004261058,0.002130529,-0.09054748
5142990906982,-0.002130529,-0.0031957934,-0.101200126
5142996982898,-0.0031957934,-0.00958738,-0.10759171
5143002583107,-0.004261058,-0.020240024,-0.101200126
5143006415482,-0.004261058,-0.017044231,-0.08522116
5143012495482,0.01917476,0.027696876,-0.11504856
5143017354982,0.0,0.033023197,-0.13315806
5143023686982,-0.002130529,0.010652645,-0.03089267
5143026300023,-0.014913702,-0.056459017,0.08522116
5143032457690,0.0053263223,-0.037284255,0.17044231
5143037362232,-0.002130529,0.033023197,0.24074976
5143042580773,-0.00958738,0.046871636,0.30466563
5143045990357,-0.014913702,0.0053263223,0.35899413
5143052142023,-0.036218993,0.06711166,0.3930826
5143057225232,-0.06498113,-0.08522116,0.42397526
5143062225232,-0.024501082,0.0010652645,0.42397526
5143063822565,-0.024501082,0.0010652645,0.42397526
5143066675732,-0.018109497,-0.01917476,0.39947417
5143071884607,-0.0031957934,0.066046394,0.34301516
5143076572023,-0.011717909,0.0031957934,0.30466563
5143081743773,-0.0053263223,-0.00958738,0.27803403
5143086746523,-0.0010652645,0.023435818,0.25566345
5143091067440,0.04580637,0.066046394,0.23009712
5143097074732,-0.040480047,-0.022370555,0.22796659
5143102464482,-0.029827405,-0.101200126,0.23435818
5143106587357,-0.008522116,-0.004261058,0.22690132
5143111574065,-0.0031957934,0.084155895,0.21411815
5143116000815,0.0010652645,0.033023197,0.20559604
5143120978107,-0.002130529,0.058589544,0.1949434
5143125633940,-0.0010652645,0.026631612,0.18535602
5143130633940,0.0010652645,0.058589544,0.17150758
5143132290565,0.0010652645,0.058589544,0.17150758
5143137546898,-0.0010652645,0.05219796,0.15233281
5143143438773,0.0031957934,0.014913702,0.12783173
5143152220607,-0.010652645,-0.03834952,0.1107875
5143157428232,-0.008522116,0.010652645,0.12037488
5143163861357,-0.0063915867,0.004261058,0.13741912
5143171724065,0.0010652645,0.014913702,0.13528858
5143177120024,-0.008522116,0.01917476,0.12144015
5143182344274,0.0010652645,0.0,0.09267801
5143185342440,0.0031957934,0.00958738,0.056459017
5143190342440,0.008522116,-0.023435818,0.04580637
5143193731482,0.008522116,-0.023435818,0.04580637
5143197148732,0.002130529,-0.00958738,0.036218993
5143202081315,-0.007456851,0.02130529,0.0
5143206170607,-0.015978966,-0.0010652645,-0.043675844
5143211433565,-0.002130529,0.008522116,-0.082025364
5143217132024,-0.0053263223,0.002130529,-0.10652645
5143222132024,-0.007456851,0.020240024,-0.12463594
5143224238107,-0.007456851,0.020240024,-0.12463594
5143227259274,0.0,0.0010652645,-0.14274544
5143232972899,0.0063915867,-0.029827405,-0.14594123
5143236188024,0.0010652645,-0.0127831735,-0.13528858
5143241992565,-0.007456851,-0.0063915867,-0.13315806
5143246268649,0.004261058,-0.0053263223,-0.1438107
5143252382315,-0.0010652645,0.002130529,-0.1587244
5143256637107,-0.004261058,0.002130529,-0.19707392
5143261720732,-0.0031957934,-0.004261058,-0.23861924
5143265852565,-0.010652645,0.02130529,-0.27696875
5143271844690,-0.0010652645,-0.013848438,-0.3153183
5143276496065,0.002130529,0.0063915867,-0.34194988
5143281496065,0.002130529,-0.0031957934,-0.35579833
5143283693732,0.002130529,-0.0031957934,-0.35579833
5143286854607,0.004261058,-0.015978966,-0.36964676
5143292608857,0.007456851,-0.008522116,-0.37071204
5143296149815,-0.011717909,0.0,-0.3685815
5143301764149,-0.0127831735,-0.011717909,-0.37284255
5143304547524,-0.013848438,0.02130529,-0.35899413
5143310805399,-0.0053263223,-0.010652645,-0.34940675
5143316056024,-0.017044231,0.010652645,-0.34301516
5143321067149,0.004261058,-0.0063915867,-0.34834146
5143326221232,-0.0053263223,0.0053263223,-0.35579833
5143331586190,0.002130529,-0.018109497,-0.36751625
5143337045315,-0.002130529,-0.01917476,-0.37071204
5143342045315,-0.00958738,-0.0031957934,-0.37710363
5143343631524,-0.00958738,-0.0031957934,-0.37710363
5143346857940,-0.015978966,0.011717909,-0.386691
5143352491732,-0.014913702,0.00958738,-0.40586576
5143356496357,-0.013848438,-0.0063915867,-0.43888897
5143361496357,-0.004261058,-0.0010652645,-0.46339005
5143363392524,-0.004261058,-0.0010652645,-0.46339005
5143366391232,-0.008522116,0.018109497,-0.479369
5143372819899,0.008522116,-0.025566347,-0.4889564
5143376197565,0.008522116,0.004261058,-0.49428272
5143381197565,0.0053263223,-0.027696876,-0.49534798
5143383613399,0.0053263223,-0.027696876,-0.49534798
5143391633440,-0.007456851,-0.023435818,-0.48469532
5143396999982,0.0010652645,-0.0053263223,-0.47191215
5143403398774,-0.008522116,0.0031957934,-0.45380265
5143411189190,-0.00958738,0.0031957934,-0.41438788
5143417362107,-0.010652645,-0.00958738,-0.386691
5143422548482,-0.002130529,-0.020240024,-0.34301516
5143426777274,-0.002130529,-0.020240024,-0.34301516
5143431494315,-0.0053263223,0.029827405,-0.32384038
5143437244315,-0.0053263223,0.029827405,-0.32384038
5143441891315,0.0,0.0031957934,-0.28229508
5143445557815,0.0,0.0031957934,-0.28229508
5143450557815,-0.010652645,-0.008522116,-0.18642128
5143452919524,-0.010652645,-0.008522116,-0.18642128
5143456152774,-0.010652645,-0.008522116,-0.18642128
5143461152774,-0.002130529,0.00958738,-0.07350325
5143463822940,-0.002130529,0.00958738,-0.07350325
5143470236357,-0.03834952,0.1587244,-0.036218993
5143475654815,-0.03834952,0.1587244,-0.036218993
5143480315232,-0.0063915867,0.020240024,-0.14594123
5143484941899,-0.0063915867,0.020240024,-0.14594123
5143490970982,-0.013848438,0.00958738,-0.16724652
5143495537899,-0.013848438,0.00958738,-0.16724652
5143500870774,-0.018109497,0.004261058,-0.10013486
5143505113190,-0.018109497,0.004261058,-0.10013486
5143511296649,-0.00958738,0.002130529,-0.029827405
5143515894149,-0.00958738,-0.0053263223,-0.026631612
5143520448065,-0.007456851,-0.011717909,-0.027696876
5143525448065,-0.022370555,0.036218993,-0.02130529
5143527503232,-0.022370555,0.036218993,-0.02130529
5143531674774,-0.00958738,-0.008522116,-0.007456851
5143536494732,-0.013848438,-0.002130529,0.002130529
5143542045857,-0.018109497,0.023435818,0.0063915867
5143545587565,-0.024501082,0.034088463,0.017044231
5143550587565,-0.07669904,0.02130529,0.011717909
5143553204565,-0.07669904,0.02130529,0.011717909
5143556623690,-0.00958738,0.0628506,-0.010652645
5143561623690,0.035153728,0.099069595,-0.04261058
5143563665232,0.035153728,0.099069595,-0.04261058
5143566803399,0.018109497,-0.051132694,-0.07563378
5143572162732,0.013848438,-0.06498113,-0.096939065
5143576791357,-0.01917476,-0.0127831735,-0.13102753
5143581781232,-0.04261058,0.113983296,-0.15978967
5143586035149,0.018109497,-0.01917476,-0.17896444
5143592520815,0.040480047,-0.1917476,-0.1736381
5143595700649,0.037284255,-0.2247708,-0.14807177
5143601773940,0.037284255,-0.23222765,-0.113983296
5143605674190,0.029827405,-0.21624869,-0.094808534
5143611405940,-0.0010652645,-0.04580637,-0.09267801
5143615979024,-0.008522116,-0.01917476,-0.08628642
5143620979024,-0.0010652645,-0.00958738,-0.07456851
5143623557357,-0.0010652645,-0.00958738,-0.07456851
5143626629149,-0.0031957934,-0.011717909,-0.07243799
5143631629149,0.007456851,-0.010652645,-0.09054748
5143634271440,0.007456851,-0.010652645,-0.09054748
5143638284815,-0.0127831735,-0.007456851,-0.13209279
5143641770065,-0.01917476,0.002130529,-0.18642128
5143646032940,-0.034088463,-0.0053263223,-0.23755397
5143652227065,-0.00958738,-0.011717909,-0.27377295
5143657227065,-0.002130529,-0.010652645,-0.29827404
5143662495024,-0.002130529,-0.010652645,-0.29827404
5143666612482,-0.011717909,-0.007456851,-0.3153183
5143669414399,-0.010652645,0.017044231,-0.3206446
5143675862649,-0.007456851,0.022370555,-0.31957933
5143679462315,-0.010652645,0.008522116,-0.32490566
5143684252690,-0.034088463,0.020240024,-0.33449304
5143689527399,-0.0053263223,0.011717909,-0.35260254
5143694527399,0.007456851,-0.015978966,-0.3685815
5143696258149,0.007456851,-0.015978966,-0.3685815
5143699741399,-0.013848438,0.004261058,-0.36325517
5143704386774,-0.008522116,-0.0053263223,-0.35473305
5143710287399,0.0053263223,-0.0010652645,-0.33981937
5143714466482,-0.0127831735,0.0053263223,-0.32170987
5143720002274,0.01917476,0.023435818,-0.3536678
5143725002274,0.082025364,0.01917476,-0.59761333
5143726818815,0.082025364,0.01917476,-0.59761333
5143731136649,0.022370555,-0.0010652645,-0.6956177
5143736253107,0.00958738,-0.010652645,-0.69029135
5143741058274,0.0063915867,-0.010652645,-0.624245
5143745192732,0.0010652645,-0.010652645,-0.52624065
5143750982899,0.02130529,-0.023435818,-0.41225734
5143756720149,0.043675844,-0.010652645,-0.2908172
5143761595815,0.022370555,0.0010652645,-0.19707392
5143765011149,-0.0479369,-0.002130529,-0.15765914
5143770011149,-0.010652645,0.0010652645,-0.15765914
5143771900065,-0.010652645,0.0010652645,-0.15765914
5143777401149,-0.0063915867,-0.00958738,-0.17150758
5143783623607,0.008522116,-0.014913702,-0.17896444
5143786808357,0.027696876,-0.00958738,-0.14594123
5143792706815,0.0,0.002130529,-0.07243799
5143796208482,0.0127831735,-0.008522116,0.0127831735
5143801208482,-0.029827405,0.0010652645,0.0958738
5143803594190,-0.029827405,0.0010652645,0.0958738
5143810222982,-0.0053263223,-0.0053263223,0.15659387
5143812375940,-0.0053263223,-0.0053263223,0.15659387
5143816828815,-0.0127831735,0.0010652645,0.17576863
5143822492899,-0.0010652645,0.0031957934,0.18429075
5143826651982,0.0,-0.0053263223,0.1768339
5143831844857,0.0053263223,-0.0127831735,0.13635385
5143836580690,0.024501082,0.020240024,0.07669904
5143842026190,-0.10759171,0.020240024,0.018109497
5143845648565,-0.1470065,-0.010652645,-0.034088463
5143850648565,-0.12037488,-0.007456851,-0.053263225
5143852517816,-0.12037488,-0.007456851,-0.053263225
5143856523107,-0.036218993,-0.004261058,-0.05965481
5143862137941,-0.013848438,-0.002130529,-0.05752428
5143866713066,-0.0031957934,0.0,-0.040480047
5143871510316,-0.0010652645,-0.0010652645,-0.017044231
5143877017191,-0.0010652645,0.0,0.0127831735
5143881690732,-0.0010652645,0.0010652645,0.04474111
5143886827232,0.0010652645,0.0010652645,0.07669904
5143892124316,-0.0010652645,0.002130529,0.111852765
5143896324316,-0.0010652645,0.0031957934,0.13954964
5143901642066,-0.002130529,0.002130529,0.14594123
5143905638899,-0.002130529,0.0031957934,0.14168017
5143911086899,-0.0010652645,0.0010652645,0.12037488
5143915690441,-0.002130529,0.002130529,0.09374327
5143921798566,-0.0010652645,0.002130529,0.066046394
5143925215191,0.0010652645,0.002130529,0.04580637
5143930215191,0.0010652645,0.004261058,0.036218993
5143932575149,0.0010652645,0.004261058,0.036218993
5143936816482,0.0010652645,0.004261058,0.046871636
5143942435732,0.0,0.0010652645,0.07243799
5143945085857,0.0,0.0010652645,0.09267801
5143950085857,0.0010652645,0.0,0.10333065
5143952752399,0.0010652645,0.0,0.10333065
5143957171691,0.0010652645,-0.0010652645,0.12463594
5143962152316,0.0,-0.0010652645,0.18642128
5143966350774,-0.0010652645,0.0,0.27803403
5143972067149,-0.0010652645,0.002130529,0.3834952
5143976351816,-0.002130529,0.0031957934,0.479369
5143982085732,-0.0010652645,0.004261058,0.5454154
5143986425566,-0.002130529,0.0031957934,0.57417756
5143992090066,-0.002130529,0.004261058,0.5752428
5143996950316,-0.0031957934,0.0031957934,0.55606806
5144002407024,-0.0010652645,0.0031957934,0.5219796
5144005350316,0.0,0.002130529,0.4825648
5144011183857,0.0,0.0031957934,0.44847634
5144017054441,-0.0010652645,0.004261058,0.42290998
5144021550024,-0.0010652645,0.004261058,0.43569317
5144026558857,-0.0010652645,0.004261058,0.43569317
5144031217649,-0.002130529,0.004261058,0.5251754
5144036373482,-0.002130529,0.004261058,0.5251754
5144041373482,-0.0010652645,0.0063915867,0.5901565
5144043542691,-0.0010652645,0.0063915867,0.5901565
5144050850066,-0.002130529,0.007456851,0.5795039
5144052613524,-0.002130529,0.007456851,0.5795039
5144057370899,-0.002130529,0.007456851,0.5795039
5144063794191,0.0,0.008522116,0.52837116
5144072007566,-0.0010652645,0.008522116,0.49641323
5144076881024,-0.0010652645,0.008522116,0.49641323
5144081881024,0.0010652645,0.007456851,0.50600064
5144083883732,0.0010652645,0.007456851,0.50600064
5144087126899,0.0010652645,0.007456851,0.50600064
5144091831066,0.0010652645,0.007456851,0.51984906
5144095955399,0.002130529,0.007456851,0.5134575
5144100955399,0.0,0.007456851,0.4889564
5144103538524,0.0,0.007456851,0.4889564
5144109975774,-0.0010652645,0.0010652645,0.39414784
5144111945732,-0.0010652645,0.0010652645,0.39414784
5144116514774,-0.002130529,-0.0063915867,0.3323625
5144122638232,-0.0053263223,-0.015978966,0.2727077
5144126817774,-0.004261058,-0.013848438,0.22370553
5144132611816,-0.004261058,-0.008522116,0.18216023
5144136507274,-0.0010652645,-0.008522116,0.14807177
5144141507274,0.0,-0.008522116,0.12783173
5144143628691,0.0,-0.008522116,0.12783173
5144146574607,0.002130529,-0.010652645,0.13528858
5144152151107,0.0,-0.0063915867,0.17257284
5144157533357,0.07243799,0.04474111,0.16831179
5144161690774,0.10439592,0.027696876,0.08522116
5144166515274,0.10226539,0.039414786,0.08628642
5144171351899,0.049002163,0.035153728,0.16724652
5144176622899,0.033023197,0.002130529,0.27164245
5144181199607,0.046871636,-0.007456851,0.38775626
5144184813482,0.04261058,-0.008522116,0.5592638
5144191077816,0.017044231,-0.0010652645,0.74035877
5144195682441,-0.007456851,0.010652645,0.793622
5144202130732,-0.013848438,0.014913702,0.77125144
5144206196191,-0.0031957934,0.0127831735,0.7456851
5144211837732,-0.002130529,-0.0053263223,0.69668293
5144216180149,-0.008522116,-0.023435818,0.6359629
5144221479774,-0.008522116,-0.022370555,0.60507023
5144226044316,-0.002130529,-0.002130529,0.5965481
5144231492441,0.011717909,0.04261058,0.608266
5144236892149,0.022370555,0.05006743,0.59867865
5144241737066,0.011717909,0.022370555,0.5901565
5144246873107,-0.0031957934,0.02130529,0.66152924
5144253195649,0.007456851,0.022370555,0.75633776
5144256090399,0.0063915867,0.01917476,0.83942837
5144261493649,-0.0010652645,0.0127831735,0.9012137
5144266292982,0.0,0.014913702,0.958738
5144272389441,0.0,0.017044231,1.019458
5144276935024,-0.0053263223,0.015978966,1.0567423
5144282531441,-0.0031957934,0.014913702,1.0482203
5144285757274,-0.0053263223,0.014913702,1.0120013
5144290757274,-0.004261058,0.017044231,0.97897804
5144292336107,-0.004261058,0.017044231,0.97897804
5144297088191,-0.002130529,0.018109497,0.9715212
5144303053107,-0.0031957934,0.020240024,1.0066749
5144307466024,-0.0031957934,0.020240024,1.0705907
5144311942232,-0.0010652645,0.014913702,1.1387677
5144317612482,-0.0010652645,0.02130529,1.2058793
5144323454441,0.0,0.022370555,1.2729911
5144331299357,-0.0031957934,0.023435818,1.3432984
5144336346899,-0.004261058,0.01917476,1.3475596
5144342342899,-0.0053263223,0.01917476,1.3358417
5144346940482,0.0053263223,0.022370555,1.3038837
5144351572066,0.0010652645,0.02130529,1.2506205
5144356736691,0.0031957934,0.022370555,1.1930962
5144361736691,0.0031957934,0.024501082,1.1291803
5144364010857,0.0031957934,0.024501082,1.1291803
5144367955524,0.0053263223,0.0127831735,1.055677
5144373961857,-0.0010652645,0.015978966,0.97897804
5144380031316,0.007456851,0.015978966,0.83942837
5144383738857,-0.004261058,0.017044231,0.793622
5144389626149,0.004261058,0.004261058,0.78083885
5144395079107,0.0031957934,0.002130529,0.7978831
5144399699607,0.002130529,0.002130529,0.84155893
5144404268816,-0.00958738,0.0,0.9108011
5144409716066,-0.022370555,0.017044231,0.9938917
5144415693441,-0.10013486,0.00958738,1.0929613
5144419817149,-0.026631612,0.02130529,1.1504856
5144424232482,-0.011717909,0.017044231,1.1664646
5144429716607,-0.007456851,0.013848438,1.1408982
5144434743816,0.0,0.00958738,1.0652645
5144439818232,-0.0031957934,0.011717909,1.0002834
5144444818232,-0.002130529,0.020240024,0.94488955
5144447340566,-0.002130529,0.020240024,0.94488955
5144451171899,0.004261058,0.0127831735,0.8990832
5144457083524,0.011717909,0.01917476,0.86179894
5144463306149,0.0063915867,0.008522116,0.82877576
5144466267441,0.00958738,0.0127831735,0.7957525
5144472062232,0.0063915867,0.013848438,0.757403
5144476886566,-0.0010652645,0.02130529,0.7041398
5144482680941,0.0010652645,0.017044231,0.62744075
5144487316774,0.0010652645,0.0127831735,0.531567
5144492386857,0.0053263223,0.004261058,0.4250405
5144496455899,-0.008522116,0.004261058,0.32170987
5144502164607,-0.0010652645,-0.008522116,0.23542345
5144507374399,0.0127831735,0.00958738,0.18216023
5144510620149,0.007456851,-0.007456851,0.15233281
5144516338441,-0.0010652645,-0.033023197,0.15126756
5144521338441,-0.024501082,-0.10013486,0.165116
5144523307941,-0.024501082,-0.10013486,0.165116
5144530219982,-0.03834952,-0.099069595,0.2609898
5144533431274,-0.03834952,-0.099069595,0.2609898
5144537116857,-0.04580637,-0.051132694,0.33129725
5144542445357,-0.046871636,-0.035153728,0.40053943
5144545366399,-0.040480047,-0.040480047,0.45380265
5144550366399,-0.04580637,-0.04580637,0.48149952
5144552511233,-0.04580637,-0.04580637,0.48149952
5144556442608,-0.035153728,-0.049002163,0.49002165
5144562167608,-0.029827405,-0.04261058,0.48682585
5144566402399,-0.035153728,-0.02130529,0.47297743
5144572145274,-0.024501082,-0.015978966,0.45167214
5144577131566,-0.022370555,-0.039414786,0.4261058
5144583597441,-0.002130529,0.0010652645,0.39734364
5144591164024,0.060720075,0.13209279,0.4293016
5144596727941,0.013848438,0.0010652645,0.43356264
5144600969441,-0.002130529,-0.046871636,0.40373522
5144605836858,-0.007456851,-0.111852765,0.35899413
5144611004983,-0.017044231,-0.0031957934,0.26312032
5144616797233,-0.017044231,-0.0031957934,0.26312032
5144621908024,0.0479369,0.20985709,0.15765914
5144625546274,0.0479369,0.20985709,0.15765914
5144631487316,0.013848438,-0.0063915867,0.04474111
5144637560441,0.013848438,-0.0063915867,0.04474111
5144643354566,0.013848438,0.007456851,0.023435818
5144646026774,0.013848438,0.007456851,0.023435818
5144652248774,0.013848438,0.014913702,0.0777643
5144656778233,0.013848438,0.014913702,0.0777643
5144662619524,0.007456851,-0.041545313,0.15765914
5144665216316,0.007456851,-0.041545313,0.15765914
5144670216316,-0.0031957934,-0.002130529,0.2130529
5144671767608,-0.0031957934,-0.002130529,0.2130529
5144677496233,-0.0031957934,-0.002130529,0.2130529
5144682496233,0.017044231,0.03834952,0.22903186
5144684014399,0.017044231,0.03834952,0.22903186
5144689310858,0.017044231,0.03834952,0.22903186
5144692939066,-0.002130529,-0.022370555,0.18322548
5144695460816,0.01917476,0.007456851,0.15020229
5144700214441,0.008522116,0.002130529,0.10439592
5144704267399,0.0127831735,-0.010652645,0.04474111
5144709640649,0.017044231,0.008522116,-0.024501082
5144715741399,0.017044231,-0.0063915867,-0.099069595
5144719648649,0.049002163,0.07669904,-0.17470337
5144723733274,0.07882957,0.0628506,-0.2545982
5144729564774,0.03834952,-0.004261058,-0.3270362
5144734999316,0.014913702,-0.022370555,-0.3685815
5144739785358,0.0063915867,0.01917476,-0.3653857
5144744967691,0.011717909,-0.013848438,-0.3291667
5144750097858,-0.002130529,-0.039414786,-0.26631612
5144755841733,-0.002130529,-0.013848438,-0.18855181
5144760288483,-0.0010652645,0.002130529,-0.099069595
5144766571483,0.0127831735,-0.0010652645,-0.0053263223
5144771591816,0.023435818,0.0053263223,0.084155895
5144776949149,0.0053263223,-0.013848438,0.16405073
5144781949149,0.008522116,-0.010652645,0.22796659
5144784215191,0.008522116,-0.010652645,0.22796659
5144787596774,0.00958738,0.0127831735,0.26738137
5144791669691,0.004261058,0.01917476,0.27483824
5144796084483,-0.0053263223,0.008522116,0.2514024
5144801596858,-0.002130529,0.0010652645,0.20985709
5144806429816,-0.007456851,-0.03089267,0.16831179
5144811166649,-0.007456851,0.03089267,0.12037488
5144816013858,0.00958738,-0.011717909,0.06498113
5144821013858,0.010652645,0.023435818,0.013848438
5144822695774,0.010652645,0.023435818,0.013848438
5144826780858,0.015978966,0.0063915867,-0.037284255
5144832200441,0.004261058,-0.0127831735,-0.09267801
5144837535608,-0.007456851,0.04580637,-0.14487597
5144843803733,0.004261058,-0.0031957934,-0.20453078
5144846565941,0.014913702,-0.0127831735,-0.25566345
5144852388816,0.013848438,-0.018109497,-0.2876214
5144856427983,0.0127831735,0.00958738,-0.29294774
5144861427983,0.0,0.029827405,-0.26738137
5144863824983,0.0,0.029827405,-0.26738137
5144872494316,0.011717909,-0.039414786,-0.17896444
5144877204399,0.004261058,0.0031957934,-0.12463594
5144882204399,-0.0053263223,0.017044231,-0.07350325
5144883833858,-0.0053263223,0.017044231,-0.07350325
5144891087983,0.0031957934,-0.014913702,-0.018109497
5144893001274,0.0031957934,-0.014913702,-0.018109497
5144896379274,-0.002130529,0.004261058,-0.002130529
5144902432149,0.0127831735,0.0063915867,0.002130529
5144906817608,0.010652645,-0.00958738,0.0127831735
5144911733066,0.0063915867,0.035153728,0.01917476
5144916093983,0.002130529,0.036218993,0.015978966
5144921698399,0.0010652645,0.0010652645,0.0031957934
5144925309774,0.007456851,-0.014913702,-0.0127831735
5144930309774,0.0053263223,-0.007456851,-0.02876214
5144933212816,0.0053263223,-0.007456851,-0.02876214
5144936470983,0.0010652645,0.037284255,-0.04261058
5144941470983,-0.0063915867,0.002130529,-0.06924219
5144943700066,-0.0063915867,0.002130529,-0.06924219
5144951402316,0.008522116,-0.033023197,-0.13528858
5144957154233,0.007456851,0.0053263223,-0.14168017
5144963469108,0.011717909,0.023435818,-0.12463594
5144970615149,0.0031957934,0.033023197,-0.05006743
5144973423941,0.0031957934,0.033023197,-0.05006743
5144977794149,0.0031957934,0.022370555,-0.0053263223
5144983107274,0.002130529,-0.002130529,0.043675844
5144986204816,0.002130529,0.0053263223,0.09161274
5144991790608,0.004261058,0.027696876,0.13528858
5144997457441,0.011717909,0.00958738,0.16724652
5145003309983,0.007456851,0.0053263223,0.18642128
5145010735108,0.0053263223,0.029827405,0.18642128
5145012246899,0.0053263223,0.029827405,0.18642128
5145016680274,0.0,-0.020240024,0.165116
5145021926149,0.0053263223,-0.0063915867,0.13209279
5145025750733,-0.0031957934,0.0,0.09161274
5145030750733,0.004261058,0.011717909,0.051132694
5145032358774,0.004261058,0.011717909,0.051132694
5145035541691,0.0031957934,-0.022370555,0.025566347
5145040541691,0.008522116,0.02130529,0.01917476
5145042829774,0.008522116,0.02130529,0.01917476
5145046739816,0.008522116,0.027696876,0.024501082
5145052683816,0.007456851,0.03834952,0.034088463
5145057621983,0.0053263223,0.033023197,0.049002163
5145061677316,0.0,-0.008522116,0.06498113
5145066173983,0.0031957934,0.014913702,0.08948222
5145072547983,0.004261058,0.03089267,0.113983296
5145077024733,0.0053263223,0.05965481,0.14168017
5145083512149,0.007456851,0.0127831735,0.17257284
5145086245483,0.004261058,0.034088463,0.21624869
5145091571899,0.0063915867,0.025566347,0.25672874
5145096958983,0.0031957934,0.0010652645,0.27696875
5145101465191,0.002130529,0.015978966,0.28549087
5145106407691,0.0053263223,0.014913702,0.27377295
5145112101858,0.004261058,0.03834952,0.2514024
5145117077233,-0.002130529,0.03195793,0.221575
5145121512024,0.008522116,0.018109497,0.19600865
5145126526483,0.0063915867,0.05219796,0.19707392
5145131507191,0.026631612,0.070307456,0.20879184
5145137309691,0.05539375,0.12463594,0.22903186
5145141834066,0.035153728,0.018109497,0.2514024
5145146786316,0.02130529,0.007456851,0.28229508
5145152350191,0.00958738,0.002130529,0.30786142
5145157535483,0.0063915867,0.004261058,0.3270362
5145161918316,0.007456851,0.023435818,0.34834146
5145165103899,0.004261058,0.04474111,0.37284255
5145170103899,0.0053263223,0.007456851,0.386691
5145173617566,0.0053263223,0.007456851,0.386691
5145177684983,0.0063915867,0.0063915867,0.39734364
5145182263358,0.0031957934,0.008522116,0.39947417
5145185330649,0.0,0.013848438,0.3898868
5145190330649,0.0010652645,0.011717909,0.3536678
5145193900691,0.0010652645,0.011717909,0.3536678
5145196893149,0.0010652645,0.011717909,0.3536678
5145201893149,0.0,0.011717909,0.3153183
5145203740399,0.0,0.011717909,0.3153183
5145211802941,0.0,0.0031957934,0.3089267
5145216421566,0.0,0.0031957934,0.3089267
5145222872066,0.0010652645,0.0,0.314253
5145225831441,0.0010652645,0.0,0.314253
5145231109316,0.0,0.0,0.30040458
5145236560149,0.0,0.0,0.30040458
5145241560149,0.0,-0.0010652645,0.26312032
5145243519733,0.0,-0.0010652645,0.26312032
5145251669400,0.0,-0.0010652645,0.17257284
5145256905566,0.0,-0.0010652645,0.17257284
5145261905566,0.0010652645,-0.0010652645,0.0628506
5145264001566,0.0010652645,-0.0010652645,0.0628506
5145266829150,0.0010652645,-0.0010652645,0.0628506
5145271798983,0.0010652645,0.0010652645,0.00958738
5145276114275,0.0,0.0,0.0031957934
5145281937108,0.0,0.0,0.002130529
5145286451066,0.0010652645,0.0,0.0010652645
5145291773400,0.0010652645,0.0,0.0010652645
5145295881816,0.002130529,0.0,0.0010652645
5145300881816,0.002130529,-0.0010652645,0.002130529
5145303339816,0.002130529,-0.0010652645,0.002130529
5145311540400,0.0010652645,-0.0031957934,0.0010652645
5145317370983,0.0010652645,-0.002130529,0.0010652645
5145321498275,0.002130529,-0.002130529,0.004261058
5145326308775,0.0,-0.0010652645,0.00958738
5145332204358,0.0010652645,-0.0010652645,0.022370555
5145337455816,0.0010652645,-0.002130529,0.05006743
5145341555650,0.0,-0.002130529,0.09054748
5145346317025,0.0,-0.0053263223,0.13528858
5145352479775,0.0,-0.008522116,0.1736381
5145357119108,0.0010652645,-0.00958738,0.19813919
5145363274650,0.0010652645,-0.018109497,0.21411815
5145366082316,0.0,-0.029827405,0.21092236
5145371186191,-0.0031957934,-0.07882957,0.19387813
5145376820775,-0.004261058,-0.1470065,0.16618125
5145381332941,-0.004261058,-0.1438107,0.1257012
5145385498025,-0.0010652645,-0.041545313,0.07669904
5145390498025,0.0,-0.00958738,0.034088463
5145393122441,0.0,-0.00958738,0.034088463
5145396443400,0.0010652645,0.007456851,0.008522116
5145402067941,0.0010652645,0.008522116,0.0010652645
5145406104150,0.0,-0.00958738,0.0
5145411074441,0.0010652645,0.0010652645,-0.0010652645
5145415739650,-0.0010652645,-0.002130529,-0.002130529
5145421421608,-0.002130529,-0.004261058,-0.0031957934
5145426235150,-0.0010652645,-0.0010652645,-0.002130529
5145432031900,-0.0010652645,-0.004261058,-0.0031957934
5145437171775,-0.0010652645,-0.002130529,-0.0031957934
5145443647983,-0.0010652645,-0.002130529,-0.0031957934
5145446268483,-0.0010652645,-0.002130529,-0.004261058
5145452011900,-0.0031957934,-0.0031957934,-0.004261058
5145456570150,-0.0031957934,-0.0031957934,-0.0031957934
5145461570150,-0.0031957934,-0.002130529,-0.004261058
5145464226483,-0.0031957934,-0.002130529,-0.004261058
5145468271900,-0.0031957934,-0.002130529,-0.0031957934
5145471149608,-0.002130529,-0.002130529,-0.0010652645
5145476270941,-0.002130529,-0.0031957934,-0.0010652645
5145481369025,-0.002130529,-0.002130529,-0.0010652645
5145486092233,-0.0031957934,-0.0010652645,-0.0010652645
5145490925400,-0.0010652645,-0.0010652645,0.0
5145495925400,0.0,-0.0010652645,0.0
5145499375108,0.0,-0.0010652645,0.0
5145506366733,0.0010652645,-0.002130529,0.002130529
5145511705150,-0.0010652645,-0.002130529,0.0010652645
5145516379233,0.0,-0.002130529,0.002130529
5145521433316,-0.0010652645,0.0,0.0031957934
5145526319608,0.0,0.0,0.0031957934
5145531013483,0.0010652645,-0.0010652645,0.002130529
5145537324066,0.002130529,0.0,0.002130529
5145543441983,0.0031957934,-0.002130529,0.002130529
5145546838691,0.0031957934,0.0,0.0010652645
5145551723233,0.002130529,0.0,0.0
5145556738441,0.0031957934,0.0,0.0
5145561738441,0.0053263223,-0.0010652645,0.0010652645
5145563769316,0.0053263223,-0.0010652645,0.0010652645
5145566672233,0.0063915867,0.0,0.0010652645
5145571091400,0.0053263223,0.0010652645,0.002130529
5145577481691,0.0053263223,0.0010652645,0.002130529
5145581707150,0.0053263223,0.0010652645,0.004261058
5145585539191,0.004261058,0.0,0.004261058
5145591334900,0.0053263223,0.0010652645,0.004261058
5145596128025,0.0053263223,0.0,0.0053263223
5145601492108,0.0053263223,0.0010652645,0.0053263223
5145605602941,0.0053263223,0.0010652645,0.0063915867
5145610602941,0.0063915867,0.0010652645,0.0063915867
5145612686275,0.0063915867,0.0010652645,0.0063915867
5145617236816,0.007456851,0.0,0.007456851
5145623688150,0.0053263223,0.0010652645,0.0063915867
5145630537275,0.0063915867,0.002130529,0.007456851
5145632328691,0.0063915867,0.002130529,0.007456851
5145636280566,0.0053263223,0.0031957934,0.008522116
5145641280566,0.004261058,0.0010652645,0.008522116
5145643136441,0.004261058,0.0010652645,0.008522116
5145645943275,0.0063915867,0.0010652645,0.0063915867
5145652000316,0.0053263223,0.0010652645,0.0053263223
5145656283900,0.0063915867,0.002130529,0.0053263223
5145661283900,0.0063915867,0.0010652645,0.004261058
5145663704733,0.0063915867,0.0010652645,0.004261058
5145666776983,0.0063915867,0.0010652645,0.0031957934
5145672743400,0.0063915867,0.0010652645,0.0031957934
5145676433775,0.0053263223,0.002130529,0.0031957934
5145681433775,0.004261058,0.002130529,0.002130529
5145683178275,0.004261058,0.002130529,0.002130529
5145689375691,0.0031957934,0.0010652645,0.0010652645
5145692625941,0.0031957934,0.0010652645,0.0010652645
5145697316816,0.0031957934,0.0010652645,0.0010652645
5145701827566,0.002130529,-0.0010652645,0.0
5145706320650,0.002130529,0.0,-0.0010652645
5145712675525,0.0031957934,0.0010652645,0.0010652645
5145716840441,0.0031957934,-0.0010652645,0.0010652645
5145719832816,0.0010652645,0.0010652645,0.0010652645
5145724458025,0.0010652645,0.0010652645,0.0
5145729550900,0.0010652645,-0.0010652645,0.0
5145735669775,0.0,-0.0010652645,-0.0010652645
5145739750316,0.0010652645,-0.0010652645,0.0
5145744340775,0.0,-0.0010652645,0.0010652645
5145749659400,0.0010652645,-0.0010652645,0.0
5145755122358,0.0,0.0,-0.0010652645
5145759745025,0.0,-0.0010652645,0.0010652645
5145765116650,0.0010652645,-0.002130529,0.0
5145770119066,0.0,-0.0010652645,0.0
5145775163733,0.0,0.0,0.0010652645
5145780163733,0.0,-0.0010652645,0.0
5145783584275,0.0,-0.0010652645,0.0
5145790068650,0.0010652645,0.0,0.0
5145791576025,0.0010652645,0.0,0.0
5145796675650,0.0010652645,0.0,0.0
5145801675650,0.0010652645,0.0,0.0
5145803511691,0.0010652645,0.0,0.0
5145811076858,0.0010652645,-0.0010652645,0.0010652645
5145816207066,0.0010652645,-0.0010652645,0.0010652645
5145821996858,-0.0010652645,0.0,0.0
5145826307275,-0.0010652645,0.0,0.0
5145831456275,0.0,0.0,0.0
5145837106400,0.0,0.0,0.0
5145842106400,0.002130529,0.0010652645,0.0
5145844023650,0.002130529,0.0010652645,0.0
5145846920316,0.002130529,0.0010652645,0.0
5145850991233,0.0,0.0,0.0
5145857109483,0.0,0.0,0.0
5145862109483,0.0010652645,0.0,0.0010652645
5145863800400,0.0010652645,0.0,0.0010652645
5145866937191,0.0010652645,0.0010652645,0.0010652645
5145872196150,0.0010652645,0.0,0.0
5145877231650,0.0,-0.0010652645,0.0010652645
5145881999483,-0.0010652645,-0.0010652645,0.0010652645
5145885783150,-0.0010652645,-0.0010652645,0.0031957934
5145891151316,0.0,-0.0010652645,0.002130529
5145896379733,0.0,-0.0010652645,0.0010652645
5145902488650,-0.0010652645,-0.0010652645,0.0010652645
5145905918316,0.0,-0.0010652645,0.0
5145911423150,-0.0010652645,0.0,0.0
5145917371650,-0.0010652645,-0.0010652645,-0.002130529
5145923320941,-0.002130529,-0.0010652645,-0.002130529
5145931155108,-0.002130529,-0.0010652645,-0.0031957934
5145936351316,-0.002130529,0.0,-0.0031957934
5145941808608,-0.002130529,0.0,-0.002130529
5145945509066,-0.002130529,0.0,-0.002130529
5145950509066,-0.002130529,-0.002130529,-0.002130529
5145952704442,-0.002130529,-0.002130529,-0.002130529
5145956267275,-0.0031957934,-0.002130529,0.0
5145961267275,-0.002130529,-0.002130529,0.0
5145964764608,-0.002130529,-0.002130529,0.0
5145967566233,-0.002130529,-0.0010652645,-0.0010652645
5145972543567,-0.002130529,0.0,-0.002130529
5145976611317,-0.0010652645,0.0,-0.002130529
5145981611317,-0.0010652645,-0.0010652645,-0.002130529
5145983440275,-0.0010652645,-0.0010652645,-0.002130529
5145986180733,0.0,-0.0010652645,0.0
5145991180733,0.0010652645,-0.0010652645,0.0010652645
5145993515775,0.0010652645,-0.0010652645,0.0010652645
5145996291025,0.0010652645,-0.002130529,0.0
5146001291025,0.0,0.0,0.0
5146003173775,0.0,0.0,0.0
5146006016067,-0.0010652645,0.0,0.0
5146011755400,-0.0010652645,-0.0010652645,0.0010652645
5146015893817,0.0,0.0,0.0
5146021331067,0.0010652645,-0.0010652645,0.0010652645
5146025501692,0.0010652645,0.0010652645,0.002130529
5146031709025,0.002130529,0.002130529,0.0031957934
5146036619358,0.0010652645,0.20772657,-0.0053263223
5146041619358,-0.037284255,0.45806372,0.0
5146043714233,-0.037284255,0.45806372,0.0
5146048934108,0.017044231,-0.2396845,0.004261058
5146054287150,0.0031957934,0.16298546,-0.013848438
5146058882483,0.008522116,-0.039414786,-0.0053263223
5146063120358,0.004261058,-0.0031957934,-0.011717909
5146068818733,0.0031957934,0.0063915867,-0.00958738
5146074242150,0.0010652645,-0.10652645,-0.004261058
5146078904275,-0.0010652645,-0.23222765,-0.0010652645
5146083195608,0.002130529,-0.15659387,-0.002130529
5146088839900,0.0031957934,0.004261058,-0.0031957934
5146094731317,0.002130529,0.008522116,-0.0010652645
