time,aX,aY,aZ,wX,wY,wZ,mX,mY,mZ
1556492193928,0.13388458,0.2347178,9.847726,-0.0011119572,-4.5610406E-4,2.5634916E-4,22.00635,0.20970964,-42.04504
1556492193937,0.13388458,0.2347178,9.847726,-4.660897E-5,7.657148E-5,-2.763245E-4,22.00635,0.20970964,-42.04504
1556492193938,0.13388458,0.2347178,9.847726,-4.660897E-5,7.657148E-5,-2.763245E-4,20.81037,-0.55773115,-41.2762
1556492193957,0.13388458,0.2347178,9.847726,4.860647E-4,7.657148E-5,-2.763245E-4,20.81037,-0.55773115,-41.2762
1556492193948,0.14106983,0.22992763,9.84533,4.860647E-4,7.657148E-5,-2.763245E-4,20.81037,-0.55773115,-41.2762
1556492193957,0.14106983,0.22992763,9.84533,4.860647E-4,7.657148E-5,-2.763245E-4,20.188433,0.288949,-42.241188
1556492193978,0.14106983,0.22992763,9.84533,-5.792836E-4,-9.887777E-4,-2.763245E-4,20.188433,0.288949,-42.241188
1556492193968,0.13148952,0.23711288,9.838145,-5.792836E-4,-9.887777E-4,-2.763245E-4,20.188433,0.288949,-42.241188
1556492193977,0.13148952,0.23711288,9.838145,-5.792836E-4,-9.887777E-4,-2.763245E-4,21.363943,0.68303776,-40.865032
1556492193998,0.13148952,0.23711288,9.838145,0.0010187388,0.0011419188,-8.089991E-4,21.363943,0.68303776,-40.865032
1556492193988,0.13627967,0.22274241,9.852516,0.0010187388,0.0011419188,-8.089991E-4,21.363943,0.68303776,-40.865032
1556492193998,0.13627967,0.22274241,9.852516,0.0010187388,0.0011419188,-8.089991E-4,19.540707,0.6226034,-41.81495
1556492194009,0.13627967,0.21795225,9.847726,0.0010187388,0.0011419188,-8.089991E-4,19.540707,0.6226034,-41.81495
1556492194017,0.13627967,0.21795225,9.847726,0.0010187388,0.0011419188,-8.089991E-4,20.312761,-0.6233287,-42.804424
1556492194018,0.13627967,0.21795225,9.847726,-0.0011119572,-4.5610406E-4,-8.089991E-4,20.312761,-0.6233287,-42.804424
1556492194037,0.13627967,0.21795225,9.847726,-0.0011119572,-4.5610406E-4,-8.089991E-4,20.830996,-0.18595314,-43.573135
1556492194029,0.13148952,0.23232272,9.847726,-0.0011119572,-4.5610406E-4,-8.089991E-4,20.830996,-0.18595314,-43.573135
1556492194037,0.13148952,0.23232272,9.847726,4.860647E-4,6.092442E-4,-8.089991E-4,20.830996,-0.18595314,-43.573135
1556492194057,0.13148952,0.23232272,9.847726,4.860647E-4,6.092442E-4,-8.089991E-4,21.832932,0.07074213,-41.13039
1556492194058,0.13148952,0.23232272,9.847726,4.860647E-4,7.657148E-5,-2.763245E-4,21.832932,0.07074213,-41.13039
1556492194049,0.13627967,0.23232272,9.862096,4.860647E-4,7.657148E-5,-2.763245E-4,21.832932,0.07074213,-41.13039
1556492194077,0.13627967,0.23232272,9.862096,4.860647E-4,7.657148E-5,-2.763245E-4,20.473675,-0.7448096,-43.403305
1556492194069,0.14106983,0.23711288,9.835751,4.860647E-4,7.657148E-5,-2.763245E-4,20.473675,-0.7448096,-43.403305
1556492194078,0.14106983,0.23711288,9.835751,-5.792836E-4,6.092442E-4,-2.763245E-4,20.473675,-0.7448096,-43.403305
1556492194097,0.14106983,0.23711288,9.835751,-5.792836E-4,6.092442E-4,-2.763245E-4,21.14439,-0.53709507,-42.485847
1556492194089,0.13627967,0.22034734,9.847726,-5.792836E-4,6.092442E-4,-2.763245E-4,21.14439,-0.53709507,-42.485847
1556492194098,0.13627967,0.22034734,9.847726,-4.660897E-5,6.092442E-4,-2.763245E-4,21.14439,-0.53709507,-42.485847
1556492194109,0.12669936,0.22992763,9.842936,-4.660897E-5,6.092442E-4,-2.763245E-4,21.14439,-0.53709507,-42.485847
1556492194117,0.12669936,0.22992763,9.842936,-4.660897E-5,6.092442E-4,-2.763245E-4,19.9975,-0.25329018,-42.06842
1556492194118,0.12669936,0.22992763,9.842936,-4.660897E-5,0.0011419188,-2.763245E-4,19.9975,-0.25329018,-42.06842
1556492194137,0.12669936,0.22992763,9.842936,-4.660897E-5,0.0011419188,-2.763245E-4,20.97315,-0.6981087,-43.698368
1556492194129,0.13867477,0.24190305,9.84533,-4.660897E-5,0.0011419188,-2.763245E-4,20.97315,-0.6981087,-43.698368
1556492194138,0.13867477,0.24190305,9.84533,4.860647E-4,7.657148E-5,-2.763245E-4,20.97315,-0.6981087,-43.698368
1556492194149,0.13388458,0.22753257,9.852516,4.860647E-4,7.657148E-5,-2.763245E-4,20.97315,-0.6981087,-43.698368
1556492194157,0.13388458,0.22753257,9.852516,4.860647E-4,7.657148E-5,-2.763245E-4,19.356182,0.20901442,-41.952003
1556492194158,0.13388458,0.22753257,9.852516,-4.660897E-5,6.092442E-4,-8.089991E-4,19.356182,0.20901442,-41.952003
1556492194177,0.13388458,0.22753257,9.852516,-4.660897E-5,6.092442E-4,-8.089991E-4,20.157635,-0.36689806,-41.9076
1556492194170,0.13627967,0.23232272,9.840541,-4.660897E-5,6.092442E-4,-8.089991E-4,20.157635,-0.36689806,-41.9076
1556492194178,0.13627967,0.23232272,9.840541,-5.792836E-4,6.092442E-4,-2.763245E-4,20.157635,-0.36689806,-41.9076
1556492194197,0.13627967,0.23232272,9.840541,-5.792836E-4,6.092442E-4,-2.763245E-4,21.478256,-0.5148845,-43.543556
1556492194190,0.13867477,0.2347178,9.854912,-5.792836E-4,6.092442E-4,-2.763245E-4,21.478256,-0.5148845,-43.543556
1556492194198,0.13867477,0.2347178,9.854912,-4.660897E-5,7.657148E-5,-8.089991E-4,21.478256,-0.5148845,-43.543556
1556492194217,0.13867477,0.2347178,9.854912,-4.660897E-5,7.657148E-5,-8.089991E-4,20.330276,-0.22005653,-42.062546
1556492194209,0.12909445,0.23950796,9.852516,-4.660897E-5,7.657148E-5,-8.089991E-4,20.330276,-0.22005653,-42.062546
1556492194218,0.12909445,0.23950796,9.852516,4.860647E-4,6.092442E-4,-2.763245E-4,20.330276,-0.22005653,-42.062546
1556492194237,0.12909445,0.23950796,9.852516,4.860647E-4,6.092442E-4,-2.763245E-4,21.046318,0.8834834,-43.769672
1556492194229,0.13148952,0.2347178,9.835751,4.860647E-4,6.092442E-4,-2.763245E-4,21.046318,0.8834834,-43.769672
1556492194239,0.13148952,0.2347178,9.835751,-5.792836E-4,-9.887777E-4,2.5634916E-4,21.046318,0.8834834,-43.769672
1556492194249,0.12909445,0.22034734,9.852516,-5.792836E-4,-9.887777E-4,2.5634916E-4,21.046318,0.8834834,-43.769672
1556492194258,0.12909445,0.22034734,9.852516,-5.792836E-4,-9.887777E-4,2.5634916E-4,21.823692,-0.22277594,-44.005386
1556492194259,0.12909445,0.22034734,9.852516,-4.660897E-5,0.0011419188,-2.763245E-4,21.823692,-0.22277594,-44.005386
1556492194277,0.12909445,0.22034734,9.852516,-4.660897E-5,0.0011419188,-2.763245E-4,21.162994,-0.14484596,-42.807556
1556492194269,0.14346492,0.23711288,9.847726,-4.660897E-5,0.0011419188,-2.763245E-4,21.162994,-0.14484596,-42.807556
1556492194279,0.14346492,0.23711288,9.847726,-5.792836E-4,-4.5610406E-4,-2.763245E-4,21.162994,-0.14484596,-42.807556
1556492194297,0.14346492,0.23711288,9.847726,-5.792836E-4,-4.5610406E-4,-2.763245E-4,21.87748,0.97444105,-42.995274
1556492194298,0.14346492,0.23711288,9.847726,-4.660897E-5,7.657148E-5,-2.763245E-4,21.87748,0.97444105,-42.995274
1556492194290,0.12430427,0.23711288,9.840541,-4.660897E-5,7.657148E-5,-2.763245E-4,21.87748,0.97444105,-42.995274
1556492194317,0.12430427,0.23711288,9.840541,-4.660897E-5,7.657148E-5,-2.763245E-4,18.637,-1.0562449,-43.12581
1556492194310,0.13867477,0.23950796,9.8573065,-4.660897E-5,7.657148E-5,-2.763245E-4,18.637,-1.0562449,-43.12581
1556492194319,0.13867477,0.23950796,9.8573065,4.860647E-4,7.657148E-5,-2.763245E-4,18.637,-1.0562449,-43.12581
1556492194337,0.13867477,0.23950796,9.8573065,4.860647E-4,7.657148E-5,-2.763245E-4,21.162994,-0.14484596,-42.807556
1556492194330,0.12430427,0.23950796,9.84533,4.860647E-4,7.657148E-5,-2.763245E-4,21.162994,-0.14484596,-42.807556
1556492194339,0.12430427,0.23950796,9.84533,-4.660897E-5,7.657148E-5,-2.763245E-4,21.162994,-0.14484596,-42.807556
1556492194359,0.12430427,0.23950796,9.84533,-4.660897E-5,7.657148E-5,-2.763245E-4,21.162994,-0.14484596,-42.807556
1556492194350,0.13388458,0.24190305,9.847726,-4.660897E-5,7.657148E-5,-2.763245E-4,21.162994,-0.14484596,-42.807556
1556492194358,0.13388458,0.24190305,9.847726,-4.660897E-5,7.657148E-5,-2.763245E-4,20.943752,-1.3681278,-44.73225
1556492194370,0.13867477,0.22274241,9.852516,-4.660897E-5,7.657148E-5,-2.763245E-4,20.943752,-1.3681278,-44.73225
1556492194377,0.13867477,0.22274241,9.852516,-4.660897E-5,7.657148E-5,-2.763245E-4,22.19884,0.7362027,-43.737217
1556492194379,0.13867477,0.22274241,9.852516,-5.792836E-4,-4.5610406E-4,-2.763245E-4,22.19884,0.7362027,-43.737217
1556492194397,0.13867477,0.22274241,9.852516,-5.792836E-4,-4.5610406E-4,-2.763245E-4,21.495459,-0.10846281,-42.497795
1556492194390,0.13867477,0.24190305,9.840541,-5.792836E-4,-4.5610406E-4,-2.763245E-4,21.495459,-0.10846281,-42.497795
1556492194400,0.13867477,0.24190305,9.840541,-5.792836E-4,-4.5610406E-4,7.8902283E-4,21.495459,-0.10846281,-42.497795
1556492194417,0.13867477,0.24190305,9.840541,-5.792836E-4,-4.5610406E-4,7.8902283E-4,20.14043,-0.77331924,-42.953358
1556492194410,0.12909445,0.22753257,9.84533,-5.792836E-4,-4.5610406E-4,7.8902283E-4,20.14043,-0.77331924,-42.953358
1556492194419,0.12909445,0.22753257,9.84533,-4.660897E-5,7.657148E-5,2.5634916E-4,20.14043,-0.77331924,-42.953358
1556492194437,0.12909445,0.22753257,9.84533,-4.660897E-5,7.657148E-5,2.5634916E-4,23.041107,1.1017818,-41.911114
1556492194431,0.12430427,0.23232272,9.8573065,-4.660897E-5,7.657148E-5,2.5634916E-4,23.041107,1.1017818,-41.911114
1556492194439,0.12430427,0.23232272,9.8573065,-4.660897E-5,-4.5610406E-4,2.5634916E-4,23.041107,1.1017818,-41.911114
1556492194457,0.12430427,0.23232272,9.8573065,-4.660897E-5,-4.5610406E-4,2.5634916E-4,19.73164,1.1648436,-41.987717
1556492194451,0.13388458,0.2347178,9.840541,-4.660897E-5,-4.5610406E-4,2.5634916E-4,19.73164,1.1648436,-41.987717
1556492194459,0.13388458,0.2347178,9.840541,-4.660897E-5,7.657148E-5,-2.763245E-4,19.73164,1.1648436,-41.987717
1556492194477,0.13388458,0.2347178,9.840541,-4.660897E-5,7.657148E-5,-2.763245E-4,21.003637,-0.03911209,-43.728077
1556492194471,0.14346492,0.22513749,9.852516,-4.660897E-5,7.657148E-5,-2.763245E-4,21.003637,-0.03911209,-43.728077
1556492194480,0.14346492,0.22513749,9.852516,-4.660897E-5,6.092442E-4,-8.089991E-4,21.003637,-0.03911209,-43.728077
1556492194497,0.14346492,0.22513749,9.852516,-4.660897E-5,6.092442E-4,-8.089991E-4,22.297533,-0.6906743,-43.061153
1556492194491,0.14106983,0.22753257,9.840541,-4.660897E-5,6.092442E-4,-8.089991E-4,22.297533,-0.6906743,-43.061153
1556492194500,0.14106983,0.22753257,9.840541,-4.660897E-5,6.092442E-4,-2.763245E-4,22.297533,-0.6906743,-43.061153
1556492194517,0.14106983,0.22753257,9.840541,-4.660897E-5,6.092442E-4,-2.763245E-4,21.526567,0.54423475,-43.135265
1556492194511,0.14106983,0.22753257,9.852516,-4.660897E-5,6.092442E-4,-2.763245E-4,21.526567,0.54423475,-43.135265
1556492194520,0.14106983,0.22753257,9.852516,-5.792836E-4,7.657148E-5,-2.763245E-4,21.526567,0.54423475,-43.135265
1556492194537,0.14106983,0.22753257,9.852516,-5.792836E-4,7.657148E-5,-2.763245E-4,19.980764,-0.66443586,-43.570007
1556492194531,0.12669936,0.2347178,9.854912,-5.792836E-4,7.657148E-5,-2.763245E-4,19.980764,-0.66443586,-43.570007
1556492194540,0.12669936,0.2347178,9.854912,4.860647E-4,7.657148E-5,-2.763245E-4,19.980764,-0.66443586,-43.570007
1556492194557,0.12669936,0.2347178,9.854912,4.860647E-4,7.657148E-5,-2.763245E-4,19.025274,0.1568842,-43.78117
1556492194551,0.12669936,0.2466932,9.850121,4.860647E-4,7.657148E-5,-2.763245E-4,19.025274,0.1568842,-43.78117
1556492194560,0.12669936,0.2466932,9.850121,-5.792836E-4,7.657148E-5,-2.763245E-4,19.025274,0.1568842,-43.78117
1556492194577,0.12669936,0.2466932,9.850121,-5.792836E-4,7.657148E-5,-2.763245E-4,19.469717,-0.9810338,-43.87082
1556492194571,0.12909445,0.22513749,9.84533,-5.792836E-4,7.657148E-5,-2.763245E-4,19.469717,-0.9810338,-43.87082
1556492194580,0.12909445,0.22513749,9.84533,-4.660897E-5,6.092442E-4,2.5634916E-4,19.469717,-0.9810338,-43.87082
1556492194597,0.12909445,0.22513749,9.84533,-4.660897E-5,6.092442E-4,2.5634916E-4,21.97664,-0.45716047,-42.775036
1556492194591,0.13867477,0.22992763,9.852516,-4.660897E-5,6.092442E-4,2.5634916E-4,21.97664,-0.45716047,-42.775036
1556492194600,0.13867477,0.22992763,9.852516,-4.660897E-5,7.657148E-5,-2.763245E-4,21.97664,-0.45716047,-42.775036
1556492194617,0.13867477,0.22992763,9.852516,-4.660897E-5,7.657148E-5,-2.763245E-4,20.56389,1.2447782,-42.276905
1556492194611,0.13627967,0.2347178,9.840541,-4.660897E-5,7.657148E-5,-2.763245E-4,20.56389,1.2447782,-42.276905
1556492194620,0.13627967,0.2347178,9.840541,-5.792836E-4,7.657148E-5,2.5634916E-4,20.56389,1.2447782,-42.276905
1556492194637,0.13627967,0.2347178,9.840541,-5.792836E-4,7.657148E-5,2.5634916E-4,20.201405,0.5446744,-43.012775
1556492194631,0.12669936,0.23232272,9.847726,-5.792836E-4,7.657148E-5,2.5634916E-4,20.201405,0.5446744,-43.012775
1556492194640,0.12669936,0.23232272,9.847726,-5.792836E-4,7.657148E-5,-2.763245E-4,20.201405,0.5446744,-43.012775
1556492194657,0.12669936,0.23232272,9.847726,-5.792836E-4,7.657148E-5,-2.763245E-4,20.829906,-0.1749301,-42.509552
1556492194652,0.13867477,0.2347178,9.850121,-5.792836E-4,7.657148E-5,-2.763245E-4,20.829906,-0.1749301,-42.509552
1556492194660,0.13867477,0.2347178,9.850121,-4.660897E-5,6.092442E-4,-2.763245E-4,20.829906,-0.1749301,-42.509552
1556492194678,0.13867477,0.2347178,9.850121,-4.660897E-5,6.092442E-4,-2.763245E-4,20.472897,-0.7369361,-42.6436
1556492194671,0.13148952,0.24190305,9.833356,-4.660897E-5,6.092442E-4,-2.763245E-4,20.472897,-0.7369361,-42.6436
1556492194681,0.13148952,0.24190305,9.833356,-0.0011119572,6.092442E-4,-8.089991E-4,20.472897,-0.7369361,-42.6436
1556492194697,0.13148952,0.24190305,9.833356,-0.0011119572,6.092442E-4,-8.089991E-4,21.063055,1.2946286,-42.268085
1556492194692,0.13388458,0.23950796,9.84533,-0.0011119572,6.092442E-4,-8.089991E-4,21.063055,1.2946286,-42.268085
1556492194700,0.13388458,0.23950796,9.84533,-4.660897E-5,-4.5610406E-4,-2.763245E-4,21.063055,1.2946286,-42.268085
1556492194718,0.13388458,0.23950796,9.84533,-4.660897E-5,-4.5610406E-4,-2.763245E-4,20.171696,-0.1221962,-43.74277
1556492194712,0.13148952,0.22753257,9.854912,-4.660897E-5,-4.5610406E-4,-2.763245E-4,20.171696,-0.1221962,-43.74277
1556492194720,0.13148952,0.22753257,9.854912,-5.792836E-4,7.657148E-5,-2.763245E-4,20.171696,-0.1221962,-43.74277
1556492194738,0.13148952,0.22753257,9.854912,-5.792836E-4,7.657148E-5,-2.763245E-4,21.16455,-0.16059303,-44.326965
1556492194732,0.12430427,0.2466932,9.850121,-5.792836E-4,7.657148E-5,-2.763245E-4,21.16455,-0.16059303,-44.326965
1556492194741,0.12430427,0.2466932,9.850121,-5.792836E-4,7.657148E-5,2.5634916E-4,21.16455,-0.16059303,-44.326965
1556492194758,0.12430427,0.2466932,9.850121,-5.792836E-4,7.657148E-5,2.5634916E-4,22.309418,-0.42392683,-42.769157
1556492194752,0.13148952,0.22753257,9.847726,-5.792836E-4,7.657148E-5,2.5634916E-4,22.309418,-0.42392683,-42.769157
1556492194760,0.13148952,0.22753257,9.847726,4.860647E-4,7.657148E-5,-2.763245E-4,22.309418,-0.42392683,-42.769157
1556492194777,0.13148952,0.22753257,9.847726,4.860647E-4,7.657148E-5,-2.763245E-4,20.473986,-0.74795914,-43.707188
1556492194772,0.13148952,0.25387844,9.852516,4.860647E-4,7.657148E-5,-2.763245E-4,20.473986,-0.74795914,-43.707188
1556492194781,0.13148952,0.25387844,9.852516,-5.792836E-4,-4.5610406E-4,2.5634916E-4,20.473986,-0.74795914,-43.707188
1556492194797,0.13148952,0.25387844,9.852516,-5.792836E-4,-4.5610406E-4,2.5634916E-4,20.874456,0.7287679,-44.374435
1556492194792,0.12430427,0.22992763,9.850121,-5.792836E-4,-4.5610406E-4,2.5634916E-4,20.874456,0.7287679,-44.374435
1556492194800,0.12430427,0.22992763,9.850121,-4.660897E-5,6.092442E-4,2.5634916E-4,20.874456,0.7287679,-44.374435
1556492194817,0.12430427,0.22992763,9.850121,-4.660897E-5,6.092442E-4,2.5634916E-4,21.193481,0.5141506,-42.837265
1556492194812,0.13148952,0.22992763,9.8597,-4.660897E-5,6.092442E-4,2.5634916E-4,21.193481,0.5141506,-42.837265
1556492194820,0.13148952,0.22992763,9.8597,-4.660897E-5,7.657148E-5,2.5634916E-4,21.193481,0.5141506,-42.837265
1556492194837,0.13148952,0.22992763,9.8597,-4.660897E-5,7.657148E-5,2.5634916E-4,21.193481,0.5141506,-42.837265
1556492194832,0.12909445,0.23232272,9.850121,-4.660897E-5,7.657148E-5,2.5634916E-4,21.193481,0.5141506,-42.837265
1556492194841,0.12909445,0.23232272,9.850121,-5.792836E-4,7.657148E-5,2.5634916E-4,21.193481,0.5141506,-42.837265
1556492194857,0.12909445,0.23232272,9.850121,-5.792836E-4,7.657148E-5,2.5634916E-4,21.32126,-0.23955774,-40.82344
1556492194853,0.13388458,0.22992763,9.876467,-5.792836E-4,7.657148E-5,2.5634916E-4,21.32126,-0.23955774,-40.82344
1556492194861,0.13388458,0.22992763,9.876467,-4.660897E-5,7.657148E-5,-2.763245E-4,21.32126,-0.23955774,-40.82344
1556492194877,0.13388458,0.22992763,9.876467,-4.660897E-5,7.657148E-5,-2.763245E-4,21.144701,-0.5402446,-42.78973
1556492194872,0.13388458,0.22753257,9.84533,-4.660897E-5,7.657148E-5,-2.763245E-4,21.144701,-0.5402446,-42.78973
1556492194881,0.13388458,0.22753257,9.84533,-4.660897E-5,6.092442E-4,-2.763245E-4,21.144701,-0.5402446,-42.78973
1556492194897,0.13388458,0.22753257,9.84533,-4.660897E-5,6.092442E-4,-2.763245E-4,21.0643,1.282031,-43.483616
1556492194892,0.13388458,0.22753257,9.878861,-4.660897E-5,6.092442E-4,-2.763245E-4,21.0643,1.282031,-43.483616
1556492194901,0.13388458,0.22753257,9.878861,-4.660897E-5,-9.887777E-4,-2.763245E-4,21.0643,1.282031,-43.483616
1556492194917,0.13388458,0.22753257,9.878861,-4.660897E-5,-9.887777E-4,-2.763245E-4,20.47243,-0.73221207,-42.18778
1556492194913,0.14585999,0.2347178,9.874072,-4.660897E-5,-9.887777E-4,-2.763245E-4,20.47243,-0.73221207,-42.18778
1556492194921,0.14585999,0.2347178,9.874072,0.0010187388,0.0016745925,-2.763245E-4,20.47243,-0.73221207,-42.18778
1556492194937,0.14585999,0.2347178,9.874072,0.0010187388,0.0016745925,-2.763245E-4,19.70271,0.4900999,-43.477417
1556492194932,0.13867477,0.2347178,9.864491,0.0010187388,0.0016745925,-2.763245E-4,19.70271,0.4900999,-43.477417
1556492194941,0.13867477,0.2347178,9.864491,-4.660897E-5,6.092442E-4,-2.763245E-4,19.70271,0.4900999,-43.477417
1556492194958,0.13867477,0.2347178,9.864491,-4.660897E-5,6.092442E-4,-2.763245E-4,21.92517,2.0398588,-41.97922
1556492194952,0.13627967,0.23950796,9.888442,-4.660897E-5,6.092442E-4,-2.763245E-4,21.92517,2.0398588,-41.97922
1556492194962,0.13627967,0.23950796,9.888442,-4.660897E-5,7.657148E-5,-2.763245E-4,21.92517,2.0398588,-41.97922
1556492194977,0.13627967,0.23950796,9.888442,-4.660897E-5,7.657148E-5,-2.763245E-4,19.659561,-0.42777157,-42.98
1556492194973,0.14106983,0.21795225,9.883652,-4.660897E-5,7.657148E-5,-2.763245E-4,19.659561,-0.42777157,-42.98
1556492194981,0.14106983,0.21795225,9.883652,-5.792836E-4,7.657148E-5,-8.089991E-4,19.659561,-0.42777157,-42.98
1556492194997,0.14106983,0.21795225,9.883652,-5.792836E-4,7.657148E-5,-8.089991E-4,19.66065,-0.4387946,-44.04359
1556492194993,0.14346492,0.23711288,9.876467,-5.792836E-4,7.657148E-5,-8.089991E-4,19.66065,-0.4387946,-44.04359
1556492195001,0.14346492,0.23711288,9.876467,-4.660897E-5,7.657148E-5,-2.763245E-4,19.66065,-0.4387946,-44.04359
1556492195017,0.14346492,0.23711288,9.876467,-4.660897E-5,7.657148E-5,-2.763245E-4,21.823381,-0.21962643,-43.7015
1556492195013,0.14346492,0.22753257,9.874072,-4.660897E-5,7.657148E-5,-2.763245E-4,21.823381,-0.21962643,-43.7015
1556492195021,0.14346492,0.22753257,9.874072,-4.660897E-5,0.0011419188,-2.763245E-4,21.823381,-0.21962643,-43.7015
1556492195037,0.14346492,0.22753257,9.874072,-4.660897E-5,0.0011419188,-2.763245E-4,21.304058,-0.64597845,-41.8692
1556492195033,0.12669936,0.24190305,9.878861,-4.660897E-5,0.0011419188,-2.763245E-4,21.304058,-0.64597845,-41.8692
1556492195042,0.12669936,0.24190305,9.878861,-5.792836E-4,-4.5610406E-4,-2.763245E-4,21.304058,-0.64597845,-41.8692
1556492195058,0.12669936,0.24190305,9.878861,-5.792836E-4,-4.5610406E-4,-2.763245E-4,20.361853,0.427917,-43.155838
1556492195062,0.12669936,0.24190305,9.878861,-4.660897E-5,7.657148E-5,-8.089991E-4,20.361853,0.427917,-43.155838
1556492195052,0.13627967,0.22753257,9.878861,-4.660897E-5,7.657148E-5,-8.089991E-4,20.361853,0.427917,-43.155838
1556492195077,0.13627967,0.22753257,9.878861,-4.660897E-5,7.657148E-5,-8.089991E-4,19.543352,0.5958333,-44.397945
1556492195073,0.12909445,0.22992763,9.883652,-4.660897E-5,7.657148E-5,-8.089991E-4,19.543352,0.5958333,-44.397945
1556492195081,0.12909445,0.22992763,9.883652,0.0010187388,6.092442E-4,-0.0013416728,19.543352,0.5958333,-44.397945
1556492195097,0.12909445,0.22992763,9.883652,0.0010187388,6.092442E-4,-0.0013416728,21.02224,0.35313654,-44.04979
1556492195093,0.13148952,0.22992763,9.881256,0.0010187388,6.092442E-4,-0.0013416728,21.02224,0.35313654,-44.04979
1556492195102,0.13148952,0.22992763,9.881256,0.0010187388,7.657148E-5,-8.089991E-4,21.02224,0.35313654,-44.04979
1556492195117,0.13148952,0.22992763,9.881256,0.0010187388,7.657148E-5,-8.089991E-4,20.489632,-0.32579088,-41.142017
1556492195113,0.12909445,0.2347178,9.874072,0.0010187388,7.657148E-5,-8.089991E-4,20.489632,-0.32579088,-41.142017
1556492195122,0.12909445,0.2347178,9.874072,-4.660897E-5,-4.5610406E-4,-8.089991E-4,20.489632,-0.32579088,-41.142017
1556492195137,0.12909445,0.2347178,9.874072,-4.660897E-5,-4.5610406E-4,-8.089991E-4,20.157946,-0.37004757,-42.21148
1556492195133,0.14106983,0.23950796,9.898023,-4.660897E-5,-4.5610406E-4,-8.089991E-4,20.157946,-0.37004757,-42.21148
1556492195142,0.14106983,0.23950796,9.898023,4.860647E-4,-4.5610406E-4,-8.089991E-4,20.157946,-0.37004757,-42.21148
1556492195157,0.14106983,0.23950796,9.898023,4.860647E-4,-4.5610406E-4,-8.089991E-4,21.205675,0.7777486,-42.849148
1556492195162,0.14106983,0.23950796,9.898023,4.860647E-4,0.0011419188,-2.763245E-4,21.205675,0.7777486,-42.849148
1556492195154,0.14346492,0.23232272,9.886047,4.860647E-4,0.0011419188,-2.763245E-4,21.205675,0.7777486,-42.849148
1556492195177,0.14346492,0.23232272,9.886047,4.860647E-4,0.0011419188,-2.763245E-4,20.010784,-7.1525574E-4,-43.14389
1556492195173,0.13627967,0.23232272,9.888442,4.860647E-4,0.0011419188,-2.763245E-4,20.010784,-7.1525574E-4,-43.14389
1556492195183,0.13627967,0.23232272,9.888442,-4.660897E-5,-4.5610406E-4,-2.763245E-4,20.010784,-7.1525574E-4,-43.14389
1556492195197,0.13627967,0.23232272,9.888442,-4.660897E-5,-4.5610406E-4,-2.763245E-4,20.332611,-0.24367714,-44.34166
1556492195194,0.12430427,0.22753257,9.893231,-4.660897E-5,-4.5610406E-4,-2.763245E-4,20.332611,-0.24367714,-44.34166
1556492195203,0.12430427,0.22753257,9.893231,0.0010187388,6.092442E-4,-8.089991E-4,20.332611,-0.24367714,-44.34166
1556492195217,0.12430427,0.22753257,9.893231,0.0010187388,6.092442E-4,-8.089991E-4,21.353615,0.40054274,-42.67644
1556492195214,0.14106983,0.22992763,9.893231,0.0010187388,6.092442E-4,-8.089991E-4,21.353615,0.40054274,-42.67644
1556492195223,0.14106983,0.22992763,9.893231,0.0010187388,7.657148E-5,-8.089991E-4,21.353615,0.40054274,-42.67644
1556492195237,0.14106983,0.22992763,9.893231,0.0010187388,7.657148E-5,-8.089991E-4,21.97773,-0.46818352,-43.83862
1556492195234,0.13148952,0.23950796,9.888442,0.0010187388,7.657148E-5,-8.089991E-4,21.97773,-0.46818352,-43.83862
1556492195243,0.13148952,0.23950796,9.888442,-4.660897E-5,-4.5610406E-4,-8.089991E-4,21.97773,-0.46818352,-43.83862
1556492195258,0.13148952,0.23950796,9.888442,-4.660897E-5,-4.5610406E-4,-8.089991E-4,19.35696,0.20114088,-42.711708
1556492195263,0.13148952,0.23950796,9.888442,0.0010187388,6.092442E-4,-8.089991E-4,19.35696,0.20114088,-42.711708
1556492195254,0.13148952,0.22992763,9.900417,0.0010187388,6.092442E-4,-8.089991E-4,19.35696,0.20114088,-42.711708
1556492195277,0.13148952,0.22992763,9.900417,0.0010187388,6.092442E-4,-8.089991E-4,21.352837,0.40841627,-41.916737
1556492195274,0.15304524,0.32573083,9.636958,0.0010187388,6.092442E-4,-8.089991E-4,21.352837,0.40841627,-41.916737
1556492195283,0.15304524,0.32573083,9.636958,-5.792836E-4,0.0011419188,2.5634916E-4,21.352837,0.40841627,-41.916737
1556492195297,0.15304524,0.32573083,9.636958,-5.792836E-4,0.0011419188,2.5634916E-4,22.008217,0.19081306,-43.86833
1556492195303,0.15304524,0.32573083,9.636958,0.00900885,0.003805289,-0.0024070211,22.008217,0.19081306,-43.86833
1556492195294,-0.11999389,0.3281259,10.43931,0.00900885,0.003805289,-0.0024070211,22.008217,0.19081306,-43.86833
1556492195317,-0.11999389,0.3281259,10.43931,0.00900885,0.003805289,-0.0024070211,19.358828,0.1822443,-44.534996
1556492195314,0.095563315,-0.2203474,9.833356,0.00900885,0.003805289,-0.0024070211,19.358828,0.1822443,-44.534996
1556492195322,0.095563315,-0.2203474,9.833356,0.02072768,0.046951886,-0.017321898,19.358828,0.1822443,-44.534996
1556492195337,0.095563315,-0.2203474,9.833356,0.02072768,0.046951886,-0.017321898,19.357271,0.19799137,-43.015587
1556492195334,0.15304524,0.3424964,10.115975,0.02072768,0.046951886,-0.017321898,19.357271,0.19799137,-43.015587
1556492195343,0.15304524,0.3424964,10.115975,-0.043725885,-0.045200728,-8.089991E-4,19.357271,0.19799137,-43.015587
1556492195358,0.15304524,0.3424964,10.115975,-0.043725885,-0.045200728,-8.089991E-4,20.959087,-0.94281054,-41.863197
1556492195354,0.083587915,0.18921128,9.718392,-0.043725885,-0.045200728,-8.089991E-4,20.959087,-0.94281054,-41.863197
1556492195363,0.083587915,0.18921128,9.718392,0.02871779,0.038429104,-0.0029396948,20.959087,-0.94281054,-41.863197
1556492195377,0.083587915,0.18921128,9.718392,0.02871779,0.038429104,-0.0029396948,21.04554,0.89135695,-43.009968
1556492195374,0.19136652,0.17244573,9.98185,0.02871779,0.038429104,-0.0029396948,21.04554,0.89135695,-43.009968
1556492195383,0.19136652,0.17244573,9.98185,-0.02508229,-0.038808636,-8.089991E-4,21.04554,0.89135695,-43.009968
1556492195398,0.19136652,0.17244573,9.98185,-0.02508229,-0.038808636,-8.089991E-4,20.532625,0.5936551,-41.48749
1556492195395,0.09795839,0.48620123,9.6130085,-0.02508229,-0.038808636,-8.089991E-4,20.532625,0.5936551,-41.48749
1556492195404,0.09795839,0.48620123,9.6130085,0.011139546,0.012328073,0.0029197193,20.532625,0.5936551,-41.48749
1556492195418,0.09795839,0.48620123,9.6130085,0.011139546,0.012328073,0.0029197193,19.510998,-0.0442667,-42.544945
1556492195415,0.13388458,0.122149035,10.063283,0.011139546,0.012328073,0.0029197193,19.510998,-0.0442667,-42.544945
1556492195424,0.13388458,0.122149035,10.063283,0.01859698,0.0064686593,-0.005603065,19.510998,-0.0442667,-42.544945
1556492195437,0.13388458,0.122149035,10.063283,0.01859698,0.0064686593,-0.005603065,20.011562,-0.008588791,-43.903595
1556492195435,0.13627967,0.24908829,9.835751,0.01859698,0.0064686593,-0.005603065,20.011562,-0.008588791,-43.903595
1556492195444,0.13627967,0.24908829,9.835751,-0.01709218,-0.008446215,-8.089991E-4,20.011562,-0.008588791,-43.903595
1556492195457,0.13627967,0.24908829,9.835751,-0.01709218,-0.008446215,-8.089991E-4,22.211346,0.99665165,-44.052982
1556492195455,0.069217436,0.22274241,10.027357,-0.01709218,-0.008446215,-8.089991E-4,22.211346,0.99665165,-44.052982
1556492195463,0.069217436,0.22274241,10.027357,0.011139546,0.00806668,-0.0013416728,22.211346,0.99665165,-44.052982
1556492195477,0.069217436,0.22274241,10.027357,0.011139546,0.00806668,-0.0013416728,20.329185,-0.20903349,-40.99896
1556492195475,0.13627967,0.10538347,9.840541,0.011139546,0.00806668,-0.0013416728,20.329185,-0.20903349,-40.99896
1556492195483,0.13627967,0.10538347,9.840541,-0.009102068,-0.002054125,-0.0029396948,20.329185,-0.20903349,-40.99896
1556492195497,0.13627967,0.10538347,9.840541,-0.009102068,-0.002054125,-0.0029396948,20.82944,-0.17020607,-42.053726
1556492195495,0.13148952,0.4382996,9.7806635,-0.009102068,-0.002054125,-0.0029396948,20.82944,-0.17020607,-42.053726
1556492195503,0.13148952,0.4382996,9.7806635,-0.011232766,-0.008446215,0.003452393,20.82944,-0.17020607,-42.053726
1556492195517,0.13148952,0.4382996,9.7806635,-0.011232766,-0.008446215,0.003452393,20.18999,0.27320194,-43.760597
1556492195515,0.12909445,0.11496379,9.998615,-0.011232766,-0.008446215,0.003452393,20.18999,0.27320194,-43.760597
1556492195524,0.12909445,0.11496379,9.998615,0.020195004,0.017122138,-0.005603065,20.18999,0.27320194,-43.760597
1556492195537,0.12909445,0.11496379,9.998615,0.020195004,0.017122138,-0.005603065,20.18999,0.27320194,-43.760597
1556492195535,0.14106983,0.21316208,9.912393,0.020195004,0.017122138,-0.005603065,20.18999,0.27320194,-43.760597
1556492195544,0.14106983,0.21316208,9.912393,-0.015494156,-0.010044236,2.5634916E-4,20.18999,0.27320194,-43.760597
1556492195558,0.14106983,0.21316208,9.912393,-0.015494156,-0.010044236,2.5634916E-4,22.168041,0.08035517,-43.403625
1556492195555,0.11472394,0.28980464,9.811799,-0.015494156,-0.010044236,2.5634916E-4,22.168041,0.08035517,-43.403625
1556492195564,0.11472394,0.28980464,9.811799,0.003149435,0.0048706364,0.0013216974,22.168041,0.08035517,-43.403625
1556492195577,0.11472394,0.28980464,9.811799,0.003149435,0.0048706364,0.0013216974,20.473675,-0.7448096,-43.403305
1556492195575,0.14825508,0.1748408,9.823775,0.003149435,0.0048706364,0.0013216974,20.473675,-0.7448096,-43.403305
1556492195584,0.14825508,0.1748408,9.823775,0.007410827,0.0016745925,-0.0018743475,20.473675,-0.7448096,-43.403305
1556492195597,0.14825508,0.1748408,9.823775,0.007410827,0.0016745925,-0.0018743475,22.668606,0.11603308,-44.76228
1556492195595,0.10753872,0.34010133,10.084838,0.007410827,0.0016745925,-0.0018743475,22.668606,0.11603308,-44.76228
1556492195604,0.10753872,0.34010133,10.084838,0.003149435,-0.0031194743,0.0013216974,22.668606,0.11603308,-44.76228
1556492195617,0.10753872,0.34010133,10.084838,0.003149435,-0.0031194743,0.0013216974,21.35315,0.40526676,-42.220615
1556492195615,0.08119284,0.19160636,9.725576,0.003149435,-0.0031194743,0.0013216974,21.35315,0.40526676,-42.220615
1556492195624,0.08119284,0.19160636,9.725576,-0.0027099792,0.005403311,-0.0018743475,21.35315,0.40526676,-42.220615
1556492195638,0.08119284,0.19160636,9.725576,-0.0027099792,0.005403311,-0.0018743475,19.06562,1.1031003,-41.543648
1556492195636,0.16023049,0.23950796,9.926764,-0.0027099792,0.005403311,-0.0018743475,19.06562,1.1031003,-41.543648
1556492195645,0.16023049,0.23950796,9.926764,-0.009634742,-0.019099694,-0.0045377174,19.06562,1.1031003,-41.543648
1556492195658,0.16023049,0.23950796,9.926764,-0.009634742,-0.019099694,-0.0045377174,21.175188,0.118752,-42.81944
1556492195656,0.11472394,0.22753257,9.895627,-0.009634742,-0.019099694,-0.0045377174,21.175188,0.118752,-42.81944
1556492195664,0.11472394,0.22753257,9.895627,0.025521744,0.019252839,-0.010929805,21.175188,0.118752,-42.81944
1556492195678,0.11472394,0.22753257,9.895627,0.025521744,0.019252839,-0.010929805,19.35696,0.20114088,-42.711708
1556492195676,0.16502061,0.27782923,9.876467,0.025521744,0.019252839,-0.010929805,19.35696,0.20114088,-42.711708
1556492195684,0.16502061,0.27782923,9.876467,-0.0027099792,-0.008978888,-0.009864458,19.35696,0.20114088,-42.711708
1556492195697,0.16502061,0.27782923,9.876467,-0.0027099792,-0.008978888,-0.009864458,20.344805,0.019920826,-44.353542
1556492195704,0.16502061,0.27782923,9.876467,0.004214783,-0.04466805,-0.011995154,20.344805,0.019920826,-44.353542
1556492195696,0.07879776,0.40237337,9.83096,0.004214783,-0.04466805,-0.011995154,20.344805,0.019920826,-44.353542
1556492195718,0.07879776,0.40237337,9.83096,0.004214783,-0.04466805,-0.011995154,20.4915,-0.34468746,-42.965305
1556492195716,0.21292225,0.31615055,9.998615,0.004214783,-0.04466805,-0.011995154,20.4915,-0.34468746,-42.965305
1556492195724,0.21292225,0.31615055,9.998615,0.031913836,0.0064686593,-0.018919919,20.4915,-0.34468746,-42.965305
1556492195738,0.21292225,0.31615055,9.998615,0.031913836,0.0064686593,-0.018919919,19.400732,1.1127133,-43.816883
1556492195745,0.21292225,0.31615055,9.998615,0.021793026,0.034700383,-0.013593175,19.400732,1.1127133,-43.816883
1556492195735,0.04766172,0.31136036,9.565105,0.021793026,0.034700383,-0.013593175,19.400732,1.1127133,-43.816883
1556492195758,0.04766172,0.31136036,9.565105,0.021793026,0.034700383,-0.013593175,21.835888,0.040822506,-44.01727
1556492195756,0.10753872,0.1868162,9.624984,0.021793026,0.034700383,-0.013593175,21.835888,0.040822506,-44.01727
1556492195765,0.10753872,0.1868162,9.624984,0.015933614,-0.04093933,-0.013060502,21.835888,0.040822506,-44.01727
1556492195778,0.10753872,0.1868162,9.624984,0.015933614,-0.04093933,-0.013060502,18.710634,0.52062273,-43.652935
1556492195776,0.07879776,0.1652605,10.372248,0.015933614,-0.04093933,-0.013060502,18.710634,0.52062273,-43.652935
1556492195785,0.07879776,0.1652605,10.372248,-0.04479123,-0.14853948,-0.027975373,18.710634,0.52062273,-43.652935
1556492195798,0.07879776,0.1652605,10.372248,-0.04479123,-0.14853948,-0.027975373,20.392807,1.0821896,-43.641373
1556492195804,0.07879776,0.1652605,10.372248,0.007410827,-0.008978888,-0.08816754,20.392807,1.0821896,-43.641373
1556492195796,-0.38584778,-0.45267016,10.199802,0.007410827,-0.008978888,-0.08816754,20.392807,1.0821896,-43.641373
1556492195818,-0.38584778,-0.45267016,10.199802,0.007410827,-0.008978888,-0.08816754,20.18921,0.28107548,-43.000893
1556492195816,0.12669936,-0.64188147,9.953109,0.007410827,-0.008978888,-0.08816754,20.18921,0.28107548,-43.000893
1556492195825,0.12669936,-0.64188147,9.953109,0.028185114,0.05707269,-0.03223677,20.18921,0.28107548,-43.000893
1556492195837,0.12669936,-0.64188147,9.953109,0.028185114,0.05707269,-0.03223677,19.690514,0.22650099,-43.465534
1556492195836,0.4069237,-0.838278,9.955504,0.028185114,0.05707269,-0.03223677,19.690514,0.22650099,-43.465534
1556492195846,0.4069237,-0.838278,9.955504,-0.0053733494,-0.02495911,-0.05247838,19.690514,0.22650099,-43.465534
1556492195857,0.4069237,-0.838278,9.955504,-0.0053733494,-0.02495911,-0.05247838,21.205986,0.7745991,-43.153027
1556492195856,-0.91037023,-3.1447399,9.375895,-0.0053733494,-0.02495911,-0.05247838,21.205986,0.7745991,-43.153027
1556492195865,-0.91037023,-3.1447399,9.375895,-0.005906024,-0.060115602,-0.19789839,21.205986,0.7745991,-43.153027
1556492195878,-0.91037023,-3.1447399,9.375895,-0.005906024,-0.060115602,-0.19789839,19.968569,-0.9280338,-43.55812
1556492195876,-1.0971866,-4.457244,10.017776,-0.005906024,-0.060115602,-0.19789839,19.968569,-0.9280338,-43.55812
1556492195885,-1.0971866,-4.457244,10.017776,0.016466286,-0.03241655,-0.22240141,19.968569,-0.9280338,-43.55812
1556492195897,-1.0971866,-4.457244,10.017776,0.016466286,-0.03241655,-0.22240141,19.227623,0.97059584,-43.20612
1556492195906,-1.0971866,-4.457244,10.017776,0.040436618,0.00806668,-0.25862324,19.227623,0.97059584,-43.20612
1556492195896,-0.8864195,-4.3350945,9.905208,0.040436618,0.00806668,-0.25862324,19.227623,0.97059584,-43.20612
1556492195918,-0.8864195,-4.3350945,9.905208,0.040436618,0.00806668,-0.25862324,20.874456,0.7287679,-44.374435
1556492195917,-0.6373312,-3.9279313,10.012987,0.040436618,0.00806668,-0.25862324,20.874456,0.7287679,-44.374435
1556492195926,-0.6373312,-3.9279313,10.012987,0.014868264,-0.011109585,-0.40830463,20.874456,0.7287679,-44.374435
1556492195937,-0.6373312,-3.9279313,10.012987,0.014868264,-0.011109585,-0.40830463,20.861483,0.47304344,-43.602844
1556492195937,-1.4468682,-4.2105503,9.699231,0.014868264,-0.011109585,-0.40830463,20.861483,0.47304344,-43.602844
1556492195946,-1.4468682,-4.2105503,9.699231,0.035642553,0.0011419188,-0.4487879,20.861483,0.47304344,-43.602844
1556492195958,-1.4468682,-4.2105503,9.699231,0.035642553,0.0011419188,-0.4487879,20.214067,0.8035488,-43.480484
1556492195957,-1.6552403,-4.5338864,10.319557,0.035642553,0.0011419188,-0.4487879,20.214067,0.8035488,-43.480484
1556492195965,-1.6552403,-4.5338864,10.319557,0.030848484,0.0059359856,-0.16647065,20.214067,0.8035488,-43.480484
1556492195977,-1.6552403,-4.5338864,10.319557,0.030848484,0.0059359856,-0.16647065,20.921679,1.7989101,-42.902557
1556492195977,-1.501955,-4.256057,9.157943,0.030848484,0.0059359856,-0.16647065,20.921679,1.7989101,-42.902557
1556492195985,-1.501955,-4.256057,9.157943,0.047894053,0.012860747,0.16591798,20.921679,1.7989101,-42.902557
1556492195997,-1.501955,-4.256057,9.157943,0.047894053,0.012860747,0.16591798,20.04065,0.66458035,-42.565838
1556492195997,-1.9857612,-3.896795,9.553131,0.047894053,0.012860747,0.16591798,20.04065,0.66458035,-42.565838
1556492196005,-1.9857612,-3.896795,9.553131,0.06014556,-0.0025868006,0.31666476,20.04065,0.66458035,-42.565838
1556492196017,-1.9857612,-3.896795,9.553131,0.06014556,-0.0025868006,0.31666476,20.043295,0.63781023,-45.148834
1556492196017,-1.3606453,-3.8105721,9.7040205,0.06014556,-0.0025868006,0.31666476,20.043295,0.63781023,-45.148834
1556492196026,-1.3606453,-3.8105721,9.7040205,0.08784462,0.0027399408,0.40935004,20.043295,0.63781023,-45.148834
1556492196037,-1.3606453,-3.8105721,9.7040205,0.08784462,0.0027399408,0.40935004,20.05894,1.059979,-42.583664
1556492196037,-1.0325193,-3.178271,9.687255,0.08784462,0.0027399408,0.40935004,20.05894,1.059979,-42.583664
1556492196046,-1.0325193,-3.178271,9.687255,0.10009613,-0.03241655,0.4098827,20.05894,1.059979,-42.583664
1556492196058,-1.0325193,-3.178271,9.687255,0.10009613,-0.03241655,0.4098827,20.4915,-0.34468746,-42.965305
1556492196066,-1.0325193,-3.178271,9.687255,0.09476938,-0.05372351,0.42905897,20.4915,-0.34468746,-42.965305
1556492196057,-0.393033,-1.8298411,9.284883,0.09476938,-0.05372351,0.42905897,20.4915,-0.34468746,-42.965305
1556492196077,-0.393033,-1.8298411,9.284883,0.09476938,-0.05372351,0.42905897,19.21011,0.5673237,-43.947998
1556492196077,0.893125,-0.047901638,9.917183,0.09476938,-0.05372351,0.42905897,19.21011,0.5673237,-43.947998
1556492196087,0.893125,-0.047901638,9.917183,0.10275949,-0.110719636,0.47273824,19.21011,0.5673237,-43.947998
1556492196097,0.893125,-0.047901638,9.917183,0.10275949,-0.110719636,0.47273824,20.36232,0.42319298,-43.611664
1556492196107,0.893125,-0.047901638,9.917183,-0.0740883,-0.10486022,0.37792227,20.36232,0.42319298,-43.611664
1556492196097,1.6787113,1.853792,9.342363,-0.0740883,-0.10486022,0.37792227,20.36232,0.42319298,-43.611664
1556492196117,1.6787113,1.853792,9.342363,-0.0740883,-0.10486022,0.37792227,18.681236,-0.1493969,-44.68681
1556492196117,0.6871481,3.0728877,10.175852,-0.0740883,-0.10486022,0.37792227,18.681236,-0.1493969,-44.68681
1556492196127,0.6871481,3.0728877,10.175852,-0.13907453,-0.208199,0.21172793,18.681236,-0.1493969,-44.68681
1556492196137,0.6871481,3.0728877,10.175852,-0.13907453,-0.208199,0.21172793,18.550812,0.6310816,-44.117638
1556492196138,-0.994198,3.0585175,8.240627,-0.13907453,-0.208199,0.21172793,18.550812,0.6310816,-44.117638
1556492196147,-0.994198,3.0585175,8.240627,-0.12415966,-0.18209796,0.38644502,18.550812,0.6310816,-44.117638
1556492196157,-0.994198,3.0585175,8.240627,-0.12415966,-0.18209796,0.38644502,20.923235,1.7831631,-44.421967
1556492196167,-0.994198,3.0585175,8.240627,-0.16517557,-0.2710545,0.69699407,20.923235,1.7831631,-44.421967
1556492196157,0.20334193,3.0992334,9.021423,-0.16517557,-0.2710545,0.69699407,20.923235,1.7831631,-44.421967
1556492196177,0.20334193,3.0992334,9.021423,-0.16517557,-0.2710545,0.69699407,19.512398,-0.058439255,-43.91241
1556492196178,1.8894781,4.188995,9.481278,-0.16517557,-0.2710545,0.69699407,19.512398,-0.058439255,-43.91241
1556492196186,1.8894781,4.188995,9.481278,-0.20992018,-0.32858333,0.9084656,19.512398,-0.058439255,-43.91241
1556492196197,1.8894781,4.188995,9.481278,-0.20992018,-0.32858333,0.9084656,19.20871,0.58149624,-42.580532
1556492196207,1.8894781,4.188995,9.481278,-0.19021124,-0.3839814,0.9446875,19.20871,0.58149624,-42.580532
1556492196197,3.5492687,5.4488072,10.987783,-0.19021124,-0.3839814,0.9446875,19.20871,0.58149624,-42.580532
1556492196217,3.5492687,5.4488072,10.987783,-0.19021124,-0.3839814,0.9446875,18.568481,1.0327787,-43.5277
1556492196218,3.7648258,6.205652,11.078796,-0.19021124,-0.3839814,0.9446875,18.568481,1.0327787,-43.5277
1556492196227,3.7648258,6.205652,11.078796,-0.092199214,-0.37972003,0.87543976,18.568481,1.0327787,-43.5277
1556492196237,3.7648258,6.205652,11.078796,-0.092199214,-0.37972003,0.87543976,18.477642,-0.9505105,-44.046337
1556492196238,3.5516636,5.0200877,9.768688,-0.092199214,-0.37972003,0.87543976,18.477642,-0.9505105,-44.046337
1556492196247,3.5516636,5.0200877,9.768688,0.030315813,-0.36160907,0.82536846,18.477642,-0.9505105,-44.046337
1556492196258,3.5516636,5.0200877,9.768688,0.030315813,-0.36160907,0.82536846,17.795198,-1.426548,-45.407734
1556492196258,3.1732411,3.6453116,9.426192,0.030315813,-0.36160907,0.82536846,17.795198,-1.426548,-45.407734
1556492196267,3.1732411,3.6453116,9.426192,0.03404453,-0.25773767,0.8189764,17.795198,-1.426548,-45.407734
1556492196277,3.1732411,3.6453116,9.426192,0.03404453,-0.25773767,0.8189764,17.375458,0.23541832,-45.645737
1556492196278,3.1421049,2.3471785,9.96748,0.03404453,-0.25773767,0.8189764,17.375458,0.23541832,-45.645737
1556492196286,3.1421049,2.3471785,9.96748,0.0063454797,-0.1320266,0.8530675,17.375458,0.23541832,-45.645737
1556492196297,3.1421049,2.3471785,9.96748,0.0063454797,-0.1320266,0.8530675,17.807394,-1.1629496,-45.419617
1556492196298,3.4031687,2.7782927,10.204593,0.0063454797,-0.1320266,0.8530675,17.807394,-1.1629496,-45.419617
1556492196307,3.4031687,2.7782927,10.204593,0.02605442,-0.101664186,0.56915224,17.807394,-1.1629496,-45.419617
1556492196317,3.4031687,2.7782927,10.204593,0.02605442,-0.101664186,0.56915224,17.30151,-1.3383007,-44.81473
1556492196318,2.1170106,3.681238,9.634563,0.02605442,-0.101664186,0.56915224,17.30151,-1.3383007,-44.81473
1556492196327,2.1170106,3.681238,9.634563,0.06387428,-0.005250171,0.13289219,17.30151,-1.3383007,-44.81473
1556492196337,2.1170106,3.681238,9.634563,0.06387428,-0.005250171,0.13289219,17.542513,-3.2789068,-44.41584
1556492196338,1.2475967,2.7136254,9.917183,0.06387428,-0.005250171,0.13289219,17.542513,-3.2789068,-44.41584
1556492196347,1.2475967,2.7136254,9.917183,0.049492076,0.0048706364,0.047664344,17.542513,-3.2789068,-44.41584
1556492196358,1.2475967,2.7136254,9.917183,0.049492076,0.0048706364,0.047664344,16.81532,-1.1324258,-45.595135
1556492196359,0.89552003,1.7795445,9.3735,0.049492076,0.0048706364,0.047664344,16.81532,-1.1324258,-45.595135
1556492196367,0.89552003,1.7795445,9.3735,0.028185114,0.025112249,0.068971306,16.81532,-1.1324258,-45.595135
1556492196377,0.89552003,1.7795445,9.3735,0.028185114,0.025112249,0.068971306,15.810738,-1.3623505,-45.454884
1556492196379,0.8715692,0.45506513,9.670489,0.028185114,0.025112249,0.068971306,15.810738,-1.3623505,-45.454884
1556492196387,0.8715692,0.45506513,9.670489,-0.024549615,0.01818749,0.06737328,15.810738,-1.3623505,-45.454884
1556492196397,0.8715692,0.45506513,9.670489,-0.024549615,0.01818749,0.06737328,15.476093,-1.376688,-43.63747
1556492196398,0.7110989,-0.074247524,9.495648,-0.024549615,0.01818749,0.06737328,15.476093,-1.376688,-43.63747
1556492196407,0.7110989,-0.074247524,9.495648,-0.037866466,-0.04786409,0.09134361,15.476093,-1.376688,-43.63747
1556492196417,0.7110989,-0.074247524,9.495648,-0.037866466,-0.04786409,0.09134361,17.474617,-1.1961823,-45.425495
1556492196419,0.9697675,0.14849491,9.862096,-0.037866466,-0.04786409,0.09134361,17.474617,-1.1961823,-45.425495
1556492196427,0.9697675,0.14849491,9.862096,-0.052248664,-0.10752359,0.13289219,17.474617,-1.1961823,-45.425495
1556492196437,0.9697675,0.14849491,9.862096,-0.052248664,-0.10752359,0.13289219,17.17124,-0.5593972,-44.397495
1556492196439,0.74223495,0.18442114,10.056098,-0.052248664,-0.10752359,0.13289219,17.17124,-0.5593972,-44.397495
1556492196447,0.74223495,0.18442114,10.056098,-0.050650645,-0.11444835,0.1387516,17.17124,-0.5593972,-44.397495
1556492196458,0.74223495,0.18442114,10.056098,-0.050650645,-0.11444835,0.1387516,17.401138,-2.7746258,-45.050312
1556492196458,1.2068803,0.0023950394,10.187826,-0.050650645,-0.11444835,0.1387516,17.401138,-2.7746258,-45.050312
1556492196468,1.2068803,0.0023950394,10.187826,-0.033605076,-0.119242415,0.12117336,17.401138,-2.7746258,-45.050312
1556492196477,1.2068803,0.0023950394,10.187826,-0.033605076,-0.119242415,0.12117336,17.183434,-0.29579878,-44.409378
1556492196479,0.6224809,-0.18681628,10.072863,-0.033605076,-0.119242415,0.12117336,17.183434,-0.29579878,-44.409378
1556492196488,0.6224809,-0.18681628,10.072863,-0.007504046,-0.13096125,0.099333726,17.183434,-0.29579878,-44.409378
1556492196497,0.6224809,-0.18681628,10.072863,-0.007504046,-0.13096125,0.099333726,16.247837,-2.6194706,-44.323063
1556492196499,0.7685808,-0.35686696,10.259679,-0.007504046,-0.13096125,0.099333726,16.247837,-2.6194706,-44.323063
1556492196508,0.7685808,-0.35686696,10.259679,0.005812805,-0.008446215,0.07483072,16.247837,-2.6194706,-44.323063
1556492196517,0.7685808,-0.35686696,10.259679,0.005812805,-0.008446215,0.07483072,15.305322,-1.5424261,-45.305817
1556492196520,1.4607589,-1.3628006,10.963833,0.005812805,-0.008446215,0.07483072,15.305322,-1.5424261,-45.305817
1556492196528,1.4607589,-1.3628006,10.963833,0.045230683,0.21687493,0.21865271,15.305322,-1.5424261,-45.305817
1556492196537,1.4607589,-1.3628006,10.963833,0.045230683,0.21687493,0.21865271,16.613747,-1.954011,-46.92989
1556492196540,4.1097174,-1.2909482,9.914787,0.045230683,0.21687493,0.21865271,16.613747,-1.954011,-46.92989
1556492196548,4.1097174,-1.2909482,9.914787,0.13471992,0.26321757,0.67781776,16.613747,-1.954011,-46.92989
1556492196558,4.1097174,-1.2909482,9.914787,0.13471992,0.26321757,0.67781776,16.420792,-2.4757786,-44.78189
1556492196559,7.211346,-0.7568453,9.335178,0.13471992,0.26321757,0.67781776,16.420792,-2.4757786,-44.78189
1556492196568,7.211346,-0.7568453,9.335178,0.15442887,0.29358,1.0213925,16.420792,-2.4757786,-44.78189
1556492196577,7.211346,-0.7568453,9.335178,0.15442887,0.29358,1.0213925,16.752789,-2.4346714,-44.016308
1556492196579,7.937055,-0.21316215,9.526786,0.15442887,0.29358,1.0213925,16.752789,-2.4346714,-44.016308
1556492196588,7.937055,-0.21316215,9.526786,0.10116146,0.39745143,0.7481308,16.752789,-2.4346714,-44.016308
1556492196597,7.937055,-0.21316215,9.526786,0.10116146,0.39745143,0.7481308,17.554708,-3.0153084,-44.427723
1556492196599,6.365883,-0.8454633,9.584267,0.10116146,0.39745143,0.7481308,17.554708,-3.0153084,-44.427723
1556492196608,6.365883,-0.8454633,9.584267,0.100628786,0.5418061,-0.09775568,17.554708,-3.0153084,-44.427723
1556492196617,6.365883,-0.8454633,9.584267,0.100628786,0.5418061,-0.09775568,20.025358,-3.2853804,-43.60017
1556492196619,2.361309,-0.74007976,9.632169,0.100628786,0.5418061,-0.09775568,20.025358,-3.2853804,-43.60017
1556492196628,2.361309,-0.74007976,9.632169,0.121403076,0.5561882,-0.695416,20.025358,-3.2853804,-43.60017
1556492196637,2.361309,-0.74007976,9.632169,0.121403076,0.5561882,-0.695416,18.231522,-2.6757946,-43.51621
1556492196639,1.2978934,0.117358886,8.860952,0.121403076,0.5561882,-0.695416,18.231522,-2.6757946,-43.51621
1556492196648,1.2978934,0.117358886,8.860952,0.16028827,0.51570505,-0.7257784,18.231522,-2.6757946,-43.51621
1556492196658,1.2978934,0.117358886,8.860952,0.16028827,0.51570505,-0.7257784,18.38556,-2.9212008,-43.349445
1556492196660,4.725253,-1.1592187,10.314766,0.16028827,0.51570505,-0.7257784,18.38556,-2.9212008,-43.349445
1556492196669,4.725253,-1.1592187,10.314766,0.07719112,0.272273,-0.6549327,18.38556,-2.9212008,-43.349445
1556492196677,4.725253,-1.1592187,10.314766,0.07719112,0.272273,-0.6549327,20.29024,-1.1694221,-44.603947
1556492196680,4.904884,-0.89815503,9.258535,0.07719112,0.272273,-0.6549327,20.29024,-1.1694221,-44.603947
1556492196689,4.904884,-0.89815503,9.258535,0.08944263,0.1103401,-0.5015226,20.29024,-1.1694221,-44.603947
1556492196697,4.904884,-0.89815503,9.258535,0.08944263,0.1103401,-0.5015226,19.550585,-2.808033,-43.632755
1556492196700,2.8451152,0.42392913,10.6452875,0.08944263,0.1103401,-0.5015226,19.550585,-2.808033,-43.632755
1556492196709,2.8451152,0.42392913,10.6452875,0.043632664,0.04162515,-0.42375222,19.550585,-2.808033,-43.632755
1556492196717,2.8451152,0.42392913,10.6452875,0.043632664,0.04162515,-0.42375222,20.210663,-2.8796635,-44.222824
1556492196720,2.0259979,0.67780757,9.545946,0.043632664,0.04162515,-0.42375222,20.210663,-2.8796635,-44.222824
1556492196729,2.0259979,0.67780757,9.545946,0.19544476,0.24883534,-0.45145124,20.210663,-2.8796635,-44.222824
1556492196737,2.0259979,0.67780757,9.545946,0.19544476,0.24883534,-0.45145124,22.754793,-1.5712929,-43.77045
1556492196740,2.4978285,-0.19879168,9.648934,0.19544476,0.24883534,-0.45145124,22.754793,-1.5712929,-43.77045
1556492196749,2.4978285,-0.19879168,9.648934,0.19118339,0.16840158,-0.6043287,22.754793,-1.5712929,-43.77045
1556492196757,2.4978285,-0.19879168,9.648934,0.19118339,0.16840158,-0.6043287,20.400505,-2.3264008,-43.332005
1556492196760,-0.8936047,0.42392913,9.950714,0.19118339,0.16840158,-0.6043287,20.400505,-2.3264008,-43.332005
1556492196769,-0.8936047,0.42392913,9.950714,0.11447831,0.08903313,-0.66878223,20.400505,-2.3264008,-43.332005
1556492196777,-0.8936047,0.42392913,9.950714,0.11447831,0.08903313,-0.66878223,20.239904,-2.2080698,-43.037003
1556492196780,-3.9138005,1.7795445,10.7291155,0.11447831,0.08903313,-0.66878223,20.239904,-2.2080698,-43.037003
1556492196789,-3.9138005,1.7795445,10.7291155,0.21195768,0.19929667,-0.39818385,20.239904,-2.2080698,-43.037003
1556492196797,-3.9138005,1.7795445,10.7291155,0.21195768,0.19929667,-0.39818385,21.933647,-1.376606,-42.42956
1556492196800,-2.6156673,0.74965996,8.666951,0.21195768,0.19929667,-0.39818385,21.933647,-1.376606,-42.42956
1556492196809,-2.6156673,0.74965996,8.666951,0.34086478,0.28665525,-0.0295734,21.933647,-1.376606,-42.42956
1556492196818,-2.6156673,0.74965996,8.666951,0.34086478,0.28665525,-0.0295734,19.894934,-2.5049028,-43.031
1556492196821,-1.8995383,0.81911725,10.312371,0.34086478,0.28665525,-0.0295734,19.894934,-2.5049028,-43.031
1556492196829,-1.8995383,0.81911725,10.312371,0.11980506,0.029373642,0.09613768,19.894934,-2.5049028,-43.031
1556492196837,-1.8995383,0.81911725,10.312371,0.11980506,0.029373642,0.09613768,22.266424,-1.3433723,-42.423683
1556492196841,-3.0156455,1.913669,9.320808,0.11980506,0.029373642,0.09613768,22.266424,-1.3433723,-42.423683
1556492196849,-3.0156455,1.913669,9.320808,0.15176551,0.009132031,2.5634916E-4,22.266424,-1.3433723,-42.423683
1556492196857,-3.0156455,1.913669,9.320808,0.15176551,0.009132031,2.5634916E-4,19.5681,-2.4047613,-42.890873
1556492196861,-4.9245243,1.2574171,9.356734,0.15176551,0.009132031,2.5634916E-4,19.5681,-2.4047613,-42.890873
1556492196869,-4.9245243,1.2574171,9.356734,0.12193575,0.034700383,-0.15954587,19.5681,-2.4047613,-42.890873
1556492196877,-4.9245243,1.2574171,9.356734,0.12193575,0.034700383,-0.15954587,21.93396,-1.379755,-42.733444
1556492196881,-5.1664276,0.8071419,9.787848,0.12193575,0.034700383,-0.15954587,21.93396,-1.379755,-42.733444
1556492196889,-5.1664276,0.8071419,9.787848,0.14057934,0.056007348,-0.22559744,21.93396,-1.379755,-42.733444
1556492196897,-5.1664276,0.8071419,9.787848,0.14057934,0.056007348,-0.22559744,21.93396,-1.379755,-42.733444
1556492196901,-4.8263264,-0.009580361,10.072863,0.14057934,0.056007348,-0.22559744,21.93396,-1.379755,-42.733444
1556492196909,-4.8263264,-0.009580361,10.072863,0.12832783,0.08636977,-0.21973802,21.93396,-1.379755,-42.733444
1556492196917,-4.8263264,-0.009580361,10.072863,0.12832783,0.08636977,-0.21973802,20.412233,-2.0580788,-42.888065
1556492196921,-4.8071656,-0.13172944,9.792639,0.12832783,0.08636977,-0.21973802,20.412233,-2.0580788,-42.888065
1556492196929,-4.8071656,-0.13172944,9.792639,0.09476938,0.030971669,0.06843863,20.412233,-2.0580788,-42.888065
1556492196937,-4.8071656,-0.13172944,9.792639,0.09476938,0.030971669,0.06843863,22.54448,-2.4979067,-42.51627
1556492196941,-4.5053854,0.41195372,9.749528,0.09476938,0.030971669,0.06843863,22.54448,-2.4979067,-42.51627
1556492196949,-4.5053854,0.41195372,9.749528,0.07346242,0.024046902,0.42959163,22.54448,-2.4979067,-42.51627
1556492196958,-4.5053854,0.41195372,9.749528,0.07346242,0.024046902,0.42959163,21.37351,-2.7444496,-42.37896
1556492196961,-3.2312026,1.2143056,10.290816,0.07346242,0.024046902,0.42959163,21.37351,-2.7444496,-42.37896
1556492196969,-3.2312026,1.2143056,10.290816,0.07186439,0.032037012,0.61229885,21.37351,-2.7444496,-42.37896
1556492196977,-3.2312026,1.2143056,10.290816,0.07186439,0.032037012,0.61229885,19.87664,-2.9003,-43.013172
1556492196981,-2.2228742,1.2574171,10.065679,0.07186439,0.032037012,0.61229885,19.87664,-2.9003,-43.013172
1556492196990,-2.2228742,1.2574171,10.065679,0.043632664,0.029906314,0.7225624,19.87664,-2.9003,-43.013172
1556492196997,-2.2228742,1.2574171,10.065679,0.043632664,0.029906314,0.7225624,23.184862,-2.9507637,-41.721043
1556492197001,-0.42656413,1.0418597,9.912393,0.043632664,0.029906314,0.7225624,23.184862,-2.9507637,-41.721043
1556492197010,-0.42656413,1.0418597,9.912393,0.022325702,0.012328073,0.8067249,23.184862,-2.9507637,-41.721043
1556492197017,-0.42656413,1.0418597,9.912393,0.022325702,0.012328073,0.8067249,22.03421,-2.822379,-43.576786
1556492197021,0.773371,0.7448698,9.921973,0.022325702,0.012328073,0.8067249,22.03421,-2.822379,-43.576786
1556492197030,0.773371,0.7448698,9.921973,0.03404453,0.021916207,0.5883285,22.03421,-2.822379,-43.576786
1556492197038,0.773371,0.7448698,9.921973,0.03404453,0.021916207,0.5883285,18.982327,-4.2872047,-41.600983
1556492197041,0.56499904,0.9819827,9.854912,0.03404453,0.021916207,0.5883285,18.982327,-4.2872047,-41.600983
1556492197050,0.56499904,0.9819827,9.854912,0.04736138,0.027242951,0.22930618,18.982327,-4.2872047,-41.600983
1556492197058,0.56499904,0.9819827,9.854912,0.04736138,0.027242951,0.22930618,22.163078,-3.5871105,-42.626556
1556492197070,0.56499904,0.9819827,9.854912,0.041501965,0.01445877,0.0050504156,22.163078,-3.5871105,-42.626556
1556492197061,-0.10322832,1.7316428,9.912393,0.041501965,0.01445877,0.0050504156,22.163078,-3.5871105,-42.626556
1556492197077,-0.10322832,1.7316428,9.912393,0.041501965,0.01445877,0.0050504156,21.422289,-1.6900558,-42.426495
1556492197081,-0.86965394,1.4849495,9.751923,0.041501965,0.01445877,0.0050504156,21.422289,-1.6900558,-42.426495
1556492197090,-0.86965394,1.4849495,9.751923,0.031913836,0.008599354,-0.20588851,21.422289,-1.6900558,-42.426495
1556492197097,-0.86965394,1.4849495,9.751923,0.031913836,0.008599354,-0.20588851,20.806185,-4.2330694,-41.258827
1556492197101,-0.48404604,0.9987483,9.828565,0.031913836,0.008599354,-0.20588851,20.806185,-4.2330694,-41.258827
1556492197110,-0.48404604,0.9987483,9.828565,0.0063454797,-0.0148383025,-0.20215979,20.806185,-4.2330694,-41.258827
1556492197117,-0.48404604,0.9987483,9.828565,0.0063454797,-0.0148383025,-0.20215979,20.19691,-3.1275158,-42.69153
1556492197121,-0.23735279,1.1544285,9.754318,0.0063454797,-0.0148383025,-0.20215979,20.19691,-3.1275158,-42.69153
1556492197130,-0.23735279,1.1544285,9.754318,-0.013363461,-0.025491785,-0.073785335,20.19691,-3.1275158,-42.69153
1556492197137,-0.23735279,1.1544285,9.754318,-0.013363461,-0.025491785,-0.073785335,20.32578,-3.8922462,-41.741295
1556492197142,-0.7690605,1.2669973,9.821381,-0.013363461,-0.025491785,-0.073785335,20.32578,-3.8922462,-41.741295
1556492197150,-0.7690605,1.2669973,9.821381,-0.03200705,-0.009511562,0.048197016,20.32578,-3.8922462,-41.741295
1556492197157,-0.7690605,1.2669973,9.821381,-0.03200705,-0.009511562,0.048197016,22.033432,-2.8145056,-42.81708
1556492197161,-0.26848882,2.8836763,10.163876,-0.03200705,-0.009511562,0.048197016,22.033432,-2.8145056,-42.81708
1556492197171,-0.26848882,2.8836763,10.163876,-0.036268447,0.0022072662,0.32252416,22.033432,-2.8145056,-42.81708
1556492197177,-0.26848882,2.8836763,10.163876,-0.036268447,0.0022072662,0.32252416,20.706402,-2.7951698,-40.871307
1556492197181,-0.9391112,3.8488934,9.869282,-0.036268447,0.0022072662,0.32252416,20.706402,-2.7951698,-40.871307
1556492197191,-0.9391112,3.8488934,9.869282,-0.05331402,7.657148E-5,0.4013599,20.706402,-2.7951698,-40.871307
1556492197197,-0.9391112,3.8488934,9.869282,-0.05331402,7.657148E-5,0.4013599,20.695297,-3.0697918,-41.923008
1556492197202,-1.4636338,3.2501235,9.476489,-0.05331402,7.657148E-5,0.4013599,20.695297,-3.0697918,-41.923008
1556492197211,-1.4636338,3.2501235,9.476489,-0.13694385,-0.012174932,0.5137541,20.695297,-3.0697918,-41.923008
1556492197217,-1.4636338,3.2501235,9.476489,-0.13694385,-0.012174932,0.5137541,19.993315,-3.9286299,-42.051052
1556492197222,-0.8936047,3.0704925,9.763898,-0.13694385,-0.012174932,0.5137541,19.993315,-3.9286299,-42.051052
1556492197231,-0.8936047,3.0704925,9.763898,-0.16624092,-0.020697717,0.7651763,19.993315,-3.9286299,-42.051052
1556492197237,-0.8936047,3.0704925,9.763898,-0.16624092,-0.020697717,0.7651763,20.97976,-4.0956764,-42.32542
1556492197242,1.1733494,3.623756,10.54709,-0.16624092,-0.020697717,0.7651763,20.97976,-4.0956764,-42.32542
1556492197251,1.1733494,3.623756,10.54709,-0.16570824,-0.029220503,0.9212498,20.97976,-4.0956764,-42.32542
1556492197257,1.1733494,3.623756,10.54709,-0.16570824,-0.029220503,0.9212498,21.81092,-4.004719,-41.55102
1556492197262,0.6608022,5.089545,9.323202,-0.16570824,-0.029220503,0.9212498,21.81092,-4.004719,-41.55102
1556492197271,0.6608022,5.089545,9.323202,-0.1401399,-0.03561259,0.8008654,21.81092,-4.004719,-41.55102
1556492197277,0.6608022,5.089545,9.323202,-0.1401399,-0.03561259,0.8008654,21.171005,-3.5565863,-42.802067
1556492197282,-0.06011688,5.942193,9.838145,-0.1401399,-0.03561259,0.8008654,21.171005,-3.5565863,-42.802067
1556492197291,-0.06011688,5.942193,9.838145,-0.18381916,-0.04466805,0.6794158,21.171005,-3.5565863,-42.802067
1556492197297,-0.06011688,5.942193,9.838145,-0.18381916,-0.04466805,0.6794158,21.627174,-4.426182,-42.447777
1556492197302,-0.42895922,4.9051237,9.713601,-0.18381916,-0.04466805,0.6794158,21.627174,-4.426182,-42.447777
1556492197312,-0.42895922,4.9051237,9.713601,-0.17795974,-0.07875919,0.5521067,21.627174,-4.426182,-42.447777
1556492197317,-0.42895922,4.9051237,9.713601,-0.17795974,-0.07875919,0.5521067,19.963606,-4.5955,-42.781048
1556492197322,-0.8816292,4.49317,10.068073,-0.17795974,-0.07875919,0.5521067,19.963606,-4.5955,-42.781048
1556492197332,-0.8816292,4.49317,10.068073,-0.269047,-0.1996762,0.48712045,19.963606,-4.5955,-42.781048
1556492197337,-0.8816292,4.49317,10.068073,-0.269047,-0.1996762,0.48712045,19.864136,-3.1607494,-42.697407
1556492197342,-1.6672155,3.415384,10.674028,-0.269047,-0.1996762,0.48712045,19.864136,-3.1607494,-42.697407
1556492197352,-1.6672155,3.415384,10.674028,-0.27597177,-0.2790446,0.50896007,19.864136,-3.1607494,-42.697407
1556492197357,-1.6672155,3.415384,10.674028,-0.27597177,-0.2790446,0.50896007,18.927761,-5.476548,-41.851387
1556492197362,-2.215689,2.9770846,9.84533,-0.27597177,-0.2790446,0.50896007,18.927761,-5.476548,-41.851387
1556492197372,-2.215689,2.9770846,9.84533,-0.14866266,-0.13948403,0.60857016,18.927761,-5.476548,-41.851387
1556492197377,-2.215689,2.9770846,9.84533,-0.14866266,-0.13948403,0.60857016,19.101646,-5.342304,-43.221855
1556492197383,-1.2863978,2.9483435,9.883652,-0.14866266,-0.13948403,0.60857016,19.101646,-5.342304,-43.221855
1556492197392,-1.2863978,2.9483435,9.883652,-0.0927319,-0.09260872,0.7332159,19.101646,-5.342304,-43.221855
1556492197397,-1.2863978,2.9483435,9.883652,-0.0927319,-0.09260872,0.7332159,20.967098,-4.3545513,-41.85771
1556492197403,-0.83851784,3.4513102,9.184288,-0.0927319,-0.09260872,0.7332159,20.967098,-4.3545513,-41.85771
1556492197412,-0.83851784,3.4513102,9.184288,-0.08740515,-0.10592556,0.74386936,20.967098,-4.3545513,-41.85771
1556492197418,-0.83851784,3.4513102,9.184288,-0.08740515,-0.10592556,0.74386936,20.98085,-4.106699,-43.389008
1556492197423,0.17699605,2.2561653,9.98664,-0.08740515,-0.10592556,0.74386936,20.98085,-4.106699,-43.389008
1556492197432,0.17699605,2.2561653,9.98664,-0.08900317,-0.13948403,0.66609895,20.98085,-4.106699,-43.389008
1556492197437,0.17699605,2.2561653,9.98664,-0.08900317,-0.13948403,0.66609895,18.515518,-3.6969547,-43.4628
1556492197443,0.19376162,1.1280826,9.490859,-0.08900317,-0.13948403,0.66609895,18.515518,-3.6969547,-43.4628
1556492197452,0.19376162,1.1280826,9.490859,-0.07728434,-0.11178498,0.5249403,18.515518,-3.6969547,-43.4628
1556492197457,0.19376162,1.1280826,9.490859,-0.07728434,-0.11178498,0.5249403,20.622595,-4.656107,-42.30753
1556492197472,0.19376162,1.1280826,9.490859,-5.792836E-4,0.028308295,0.36567077,20.622595,-4.656107,-42.30753
1556492197463,-0.18945119,-0.8598338,9.917183,-5.792836E-4,0.028308295,0.36567077,20.622595,-4.656107,-42.30753
1556492197477,-0.18945119,-0.8598338,9.917183,-5.792836E-4,0.028308295,0.36567077,21.126455,-4.460285,-40.937187
1556492197483,-0.25651345,-1.1208974,10.532718,-5.792836E-4,0.028308295,0.36567077,21.126455,-4.460285,-40.937187
1556492197492,-0.25651345,-1.1208974,10.532718,0.014868264,0.038429104,0.22824085,21.126455,-4.460285,-40.937187
1556492197497,-0.25651345,-1.1208974,10.532718,0.014868264,0.038429104,0.22824085,20.23463,-5.872386,-41.956047
1556492197503,0.17939112,0.0191606,9.909998,0.014868264,0.038429104,0.22824085,20.23463,-5.872386,-41.956047
1556492197512,0.17939112,0.0191606,9.909998,0.02072768,0.07305291,0.18456158,20.23463,-5.872386,-41.956047
1556492197517,0.17939112,0.0191606,9.909998,0.02072768,0.07305291,0.18456158,21.240768,-5.658208,-43.615707
1556492197523,0.83803815,-0.2706441,10.197408,0.02072768,0.07305291,0.18456158,21.240768,-5.658208,-43.615707
1556492197532,0.83803815,-0.2706441,10.197408,-0.035203096,0.094359875,0.14248031,21.240768,-5.658208,-43.615707
1556492197537,0.83803815,-0.2706441,10.197408,-0.035203096,0.094359875,0.14248031,21.16682,-7.231926,-42.784702
1556492197543,0.32549098,-2.0190525,9.6130085,-0.035203096,0.094359875,0.14248031,21.16682,-7.231926,-42.784702
1556492197552,0.32549098,-2.0190525,9.6130085,-0.031474378,0.14070252,0.048197016,21.16682,-7.231926,-42.784702
1556492197557,0.32549098,-2.0190525,9.6130085,-0.031474378,0.14070252,0.048197016,19.18236,-7.1677294,-42.831852
1556492197563,1.2547821,-3.2237775,9.162733,-0.031474378,0.14070252,0.048197016,19.18236,-7.1677294,-42.831852
1556492197573,1.2547821,-3.2237775,9.162733,0.010074197,0.15508471,0.03860888,19.18236,-7.1677294,-42.831852
1556492197577,1.2547821,-3.2237775,9.162733,0.010074197,0.15508471,0.03860888,20.002571,-7.3529673,-43.261097
1556492197583,0.1698108,-4.0644507,10.628522,0.010074197,0.15508471,0.03860888,20.002571,-7.3529673,-43.261097
1556492197593,0.1698108,-4.0644507,10.628522,0.023923721,0.12632032,-0.028508052,20.002571,-7.3529673,-43.261097
1556492197597,0.1698108,-4.0644507,10.628522,0.023923721,0.12632032,-0.028508052,20.002571,-7.3529673,-43.261097
1556492197604,-0.8576785,-3.319581,10.398594,0.023923721,0.12632032,-0.028508052,20.002571,-7.3529673,-43.261097
1556492197613,-0.8576785,-3.319581,10.398594,-0.021353573,0.05014793,-0.014658525,20.002571,-7.3529673,-43.261097
1556492197617,-0.8576785,-3.319581,10.398594,-0.021353573,0.05014793,-0.014658525,22.789574,-8.0041,-44.23313
1556492197624,-0.93432105,-3.7530904,10.3459015,-0.021353573,0.05014793,-0.014658525,22.789574,-8.0041,-44.23313
1556492197633,-0.93432105,-3.7530904,10.3459015,-0.03413775,0.062399432,0.072167344,22.789574,-8.0041,-44.23313
1556492197637,-0.93432105,-3.7530904,10.3459015,-0.03413775,0.062399432,0.072167344,20.816998,-7.673155,-43.98828
1556492197644,-0.56787384,-4.4859853,9.603428,-0.03413775,0.062399432,0.072167344,20.816998,-7.673155,-43.98828
1556492197653,-0.56787384,-4.4859853,9.603428,-0.029876359,0.07571628,0.19947644,20.816998,-7.673155,-43.98828
1556492197657,-0.56787384,-4.4859853,9.603428,-0.029876359,0.07571628,0.19947644,19.313564,-7.9560804,-44.16073
1556492197664,0.8667791,-4.1051674,9.157943,-0.029876359,0.07571628,0.19947644,19.313564,-7.9560804,-44.16073
1556492197673,0.8667791,-4.1051674,9.157943,-0.022951595,0.027242951,0.28310627,19.313564,-7.9560804,-44.16073
1556492197677,0.8667791,-4.1051674,9.157943,-0.022951595,0.027242951,0.28310627,19.651815,-7.784749,-43.553032
1556492197684,2.152937,-3.1830614,9.850121,-0.022951595,0.027242951,0.28310627,19.651815,-7.784749,-43.553032
1556492197693,2.152937,-3.1830614,9.850121,-0.037866466,0.014991444,0.27138743,19.651815,-7.784749,-43.553032
1556492197697,2.152937,-3.1830614,9.850121,-0.037866466,0.014991444,0.27138743,20.662493,-7.423023,-43.699223
1556492197704,2.0427635,-2.8812811,10.048912,-0.037866466,0.014991444,0.27138743,20.662493,-7.423023,-43.699223
1556492197713,2.0427635,-2.8812811,10.048912,-0.039997164,0.073585585,0.043402947,20.662493,-7.423023,-43.699223
1556492197717,2.0427635,-2.8812811,10.048912,-0.039997164,0.073585585,0.043402947,20.163795,-7.477598,-44.16386
1556492197724,2.0882697,-3.4273596,9.512415,-0.039997164,0.073585585,0.043402947,20.163795,-7.477598,-44.16386
1556492197733,2.0882697,-3.4273596,9.512415,-0.033072405,0.052811302,-0.20269248,20.163795,-7.477598,-44.16386
1556492197737,2.0882697,-3.4273596,9.512415,-0.033072405,0.052811302,-0.20269248,22.436638,-8.413834,-42.397892
1556492197744,2.0858748,-2.6465635,9.414216,-0.033072405,0.052811302,-0.20269248,22.436638,-8.413834,-42.397892
1556492197753,2.0858748,-2.6465635,9.414216,-0.03253973,0.100751966,-0.2676787,22.436638,-8.413834,-42.397892
1556492197757,2.0858748,-2.6465635,9.414216,-0.03253973,0.100751966,-0.2676787,19.362656,-6.9048347,-44.51215
1556492197764,1.5374014,-2.1483867,10.456077,-0.03253973,0.100751966,-0.2676787,19.362656,-6.9048347,-44.51215
1556492197773,1.5374014,-2.1483867,10.456077,-0.088470496,0.20089467,-0.31721738,19.362656,-6.9048347,-44.51215
1556492197777,1.5374014,-2.1483867,10.456077,-0.088470496,0.20089467,-0.31721738,21.241234,-5.6629314,-44.071533
1556492197784,0.7853464,-0.9963533,9.984245,-0.088470496,0.20089467,-0.31721738,21.241234,-5.6629314,-44.071533
1556492197793,0.7853464,-0.9963533,9.984245,-0.013363461,0.0405598,-0.37900758,21.241234,-5.6629314,-44.071533
1556492197797,0.7853464,-0.9963533,9.984245,-0.013363461,0.0405598,-0.37900758,21.86849,-6.369938,-42.352776
1556492197804,-0.18945119,-0.29459488,10.077653,-0.013363461,0.0405598,-0.37900758,21.86849,-6.369938,-42.352776
1556492197814,-0.18945119,-0.29459488,10.077653,0.021793026,-0.003652148,-0.32094613,21.86849,-6.369938,-42.352776
1556492197817,-0.18945119,-0.29459488,10.077653,0.021793026,-0.003652148,-0.32094613,21.167599,-7.2397995,-43.544407
1556492197824,-0.74989986,-0.20118675,9.979456,0.021793026,-0.003652148,-0.32094613,21.167599,-7.2397995,-43.544407
1556492197834,-0.74989986,-0.20118675,9.979456,0.021260351,-0.011109585,-0.20801921,21.167599,-7.2397995,-43.544407
1556492197837,-0.74989986,-0.20118675,9.979456,0.021260351,-0.011109585,-0.20801921,19.344051,-7.297084,-44.190437
1556492197844,-0.27806917,-0.18921135,9.98185,0.021260351,-0.011109585,-0.20801921,19.344051,-7.297084,-44.190437
1556492197854,-0.27806917,-0.18921135,9.98185,-0.008036721,0.014991444,-0.08816754,19.344051,-7.297084,-44.190437
1556492197857,-0.27806917,-0.18921135,9.98185,-0.008036721,0.014991444,-0.08816754,20.993868,-7.375617,-42.325874
1556492197865,-2.398789E-4,0.1868162,9.919579,-0.008036721,0.014991444,-0.08816754,20.993868,-7.375617,-42.325874
1556492197874,-2.398789E-4,0.1868162,9.919579,-0.018157527,0.030438993,-0.027442701,20.993868,-7.375617,-42.325874
1556492197877,-2.398789E-4,0.1868162,9.919579,-0.018157527,0.030438993,-0.027442701,20.877193,-6.347288,-43.287994
1556492197885,-0.20382169,0.18442114,9.921973,-0.018157527,0.030438993,-0.027442701,20.877193,-6.347288,-43.287994
1556492197894,-0.20382169,0.18442114,9.921973,-0.020288225,0.024046902,-0.015723873,20.877193,-6.347288,-43.287994
1556492197897,-0.20382169,0.18442114,9.921973,-0.020288225,0.024046902,-0.015723873,20.004128,-7.3687143,-44.780506
1556492197905,0.07400759,0.17244573,9.886047,-0.020288225,0.024046902,-0.015723873,20.004128,-7.3687143,-44.780506
1556492197914,0.07400759,0.17244573,9.886047,-0.01975555,0.010730052,0.0018543701,20.004128,-7.3687143,-44.780506
1556492197918,0.07400759,0.17244573,9.886047,-0.01975555,0.010730052,0.0018543701,20.778343,-4.9188356,-43.81212
1556492197925,0.085983,0.33531114,9.840541,-0.01975555,0.010730052,0.0018543701,20.778343,-4.9188356,-43.81212
1556492197934,0.085983,0.33531114,9.840541,-0.017624851,0.011262726,0.0018543701,20.778343,-4.9188356,-43.81212
1556492197937,0.085983,0.33531114,9.840541,-0.017624851,0.011262726,0.0018543701,21.006842,-7.119892,-43.097466
1556492197945,0.04766172,0.23711288,9.840541,-0.017624851,0.011262726,0.0018543701,21.006842,-7.119892,-43.097466
1556492197954,0.04766172,0.23711288,9.840541,-0.020288225,0.010730052,-0.010397132,21.006842,-7.119892,-43.097466
1556492197958,0.04766172,0.23711288,9.840541,-0.020288225,0.010730052,-0.010397132,19.972084,-8.011964,-43.231388
1556492197965,0.01892076,0.18442114,9.864491,-0.020288225,0.010730052,-0.010397132,19.972084,-8.011964,-43.231388
1556492197974,0.01892076,0.18442114,9.864491,-0.01709218,0.009132031,-0.013593175,19.972084,-8.011964,-43.231388
1556492197977,0.01892076,0.18442114,9.864491,-0.01709218,0.009132031,-0.013593175,21.179482,-6.973051,-43.25241
1556492197985,0.105143644,0.22274241,9.895627,-0.01709218,0.009132031,-0.013593175,21.179482,-6.973051,-43.25241
1556492197994,0.105143644,0.22274241,9.895627,-0.009102068,0.0075340066,-0.005070391,21.179482,-6.973051,-43.25241
1556492197997,0.105143644,0.22274241,9.895627,-0.009102068,0.0075340066,-0.005070391,19.345608,-7.312831,-45.709846
1556492198005,0.033291243,0.122149035,9.931553,-0.009102068,0.0075340066,-0.005070391,19.345608,-7.312831,-45.709846
1556492198015,0.033291243,0.122149035,9.931553,-0.009102068,0.0117954,7.8902283E-4,19.345608,-7.312831,-45.709846
1556492198017,0.033291243,0.122149035,9.931553,-0.009102068,0.0117954,7.8902283E-4,20.531755,-6.6393967,-42.826168
1556492198025,0.004550282,0.14609985,9.907603,-0.009102068,0.0117954,7.8902283E-4,20.531755,-6.6393967,-42.826168
1556492198035,0.004550282,0.14609985,9.907603,-0.009634742,0.009664703,0.0050504156,20.531755,-6.6393967,-42.826168
1556492198037,0.004550282,0.14609985,9.907603,-0.009634742,0.009664703,0.0050504156,20.804337,-7.9320297,-43.520576
1556492198045,-0.055326723,0.22513749,9.854912,-0.009634742,0.009664703,0.0050504156,20.804337,-7.9320297,-43.520576
1556492198054,-0.055326723,0.22513749,9.854912,-0.0011119572,0.0032726144,0.006648438,20.804337,-7.9320297,-43.520576
1556492198058,-0.055326723,0.22513749,9.854912,-0.0011119572,0.0032726144,0.006648438,20.674065,-7.153126,-43.10334
1556492198065,0.15304524,0.15807524,9.876467,-0.0011119572,0.0032726144,0.006648438,20.674065,-7.153126,-43.10334
1556492198075,0.15304524,0.15807524,9.876467,0.003682109,0.0032726144,0.011442504,20.674065,-7.153126,-43.10334
1556492198077,0.15304524,0.15807524,9.876467,0.003682109,0.0032726144,0.011442504,22.356548,-6.5947094,-43.39566
1556492198086,0.31112054,0.050296642,9.866886,0.003682109,0.0032726144,0.011442504,22.356548,-6.5947094,-43.39566
1556492198095,0.31112054,0.050296642,9.866886,0.0063454797,-4.5610406E-4,7.8902283E-4,22.356548,-6.5947094,-43.39566